"From,To,Africa,,""North America"",,""South America"",,""Asia (ex China)"",,""Western & Central Europe"",,""Russia & Eastern Europe"",,Oceania,,""Gulf Cooperation Council"",,""China (Estimated)"",,""Estimated Unreported to IAI"",,Total,,""Daily Average"","
"1973-01-01,1973-02-01,20,,419,,19,,120,,220,,,,27,,,,,,165,,990,,31.9,"
"1973-02-01,1973-03-01,18,,391,,17,,110,,204,,,,24,,,,,,165,,929,,33.2,"
"1973-03-01,1973-04-01,18,,434,,17,,123,,230,,,,26,,,,,,165,,1013,,32.7,"
"1973-04-01,1973-05-01,18,,415,,19,,119,,223,,,,27,,,,,,165,,986,,32.9,"
"1973-05-01,1973-06-01,20,,428,,19,,123,,235,,,,28,,,,,,165,,1018,,32.8,"
"1973-06-01,1973-07-01,21,,416,,19,,119,,228,,,,27,,,,,,165,,995,,33.2,"
"1973-07-01,1973-08-01,23,,425,,19,,124,,229,,,,28,,,,,,165,,1013,,32.7,"
"1973-08-01,1973-09-01,23,,411,,19,,117,,232,,,,29,,,,,,165,,996,,32.1,"
"1973-09-01,1973-10-01,22,,407,,19,,114,,226,,,,27,,,,,,165,,980,,32.7,"
"1973-10-01,1973-11-01,22,,428,,20,,125,,241,,,,27,,,,,,165,,1028,,33.2,"
"1973-11-01,1973-12-01,22,,422,,21,,123,,238,,,,26,,,,,,165,,1017,,33.9,"
"1973-12-01,1974-01-01,22,,443,,21,,122,,251,,,,28,,,,,,165,,1052,,33.9,"
"1974-01-01,1974-02-01,22,,450,,21,,118,,258,,,,27,,,,,,211,,1107,,35.7,"
"1974-02-01,1974-03-01,19,,419,,19,,107,,235,,,,24,,,,,,211,,1034,,36.9,"
"1974-03-01,1974-04-01,21,,469,,22,,119,,262,,,,28,,,,,,211,,1132,,36.5,"
"1974-04-01,1974-05-01,21,,457,,21,,116,,256,,,,27,,,,,,211,,1109,,37.0,"
"1974-05-01,1974-06-01,23,,470,,22,,122,,267,,,,28,,,,,,211,,1143,,36.9,"
"1974-06-01,1974-07-01,23,,452,,21,,121,,260,,,,28,,,,,,211,,1116,,37.2,"
"1974-07-01,1974-08-01,25,,460,,22,,127,,271,,,,28,,,,,,211,,1144,,36.9,"
"1974-08-01,1974-09-01,25,,452,,21,,129,,269,,,,29,,,,,,211,,1136,,36.6,"
"1974-09-01,1974-10-01,24,,443,,20,,125,,264,,,,28,,,,,,211,,1115,,37.2,"
"1974-10-01,1974-11-01,25,,463,,23,,129,,268,,,,28,,,,,,211,,1147,,37.0,"
"1974-11-01,1974-12-01,25,,455,,22,,124,,265,,,,26,,,,,,211,,1128,,37.6,"
"1974-12-01,1975-01-01,25,,464,,22,,126,,275,,,,29,,,,,,211,,1152,,37.2,"
"1975-01-01,1975-02-01,24,,445,,23,,121,,276,,,,28,,,,,,217,,1134,,36.6,"
"1975-02-01,1975-03-01,22,,366,,21,,108,,245,,,,25,,,,,,217,,1004,,35.9,"
"1975-03-01,1975-04-01,24,,394,,23,,114,,268,,,,28,,,,,,217,,1068,,34.5,"
"1975-04-01,1975-05-01,23,,370,,22,,113,,259,,,,26,,,,,,217,,1030,,34.3,"
"1975-05-01,1975-06-01,23,,368,,24,,115,,264,,,,27,,,,,,217,,1038,,33.5,"
"1975-06-01,1975-07-01,21,,343,,23,,112,,252,,,,27,,,,,,217,,995,,33.2,"
"1975-07-01,1975-08-01,22,,353,,23,,118,,257,,,,27,,,,,,217,,1017,,32.8,"
"1975-08-01,1975-09-01,22,,352,,23,,119,,249,,,,27,,,,,,217,,1009,,32.5,"
"1975-09-01,1975-10-01,22,,342,,22,,113,,242,,,,27,,,,,,217,,985,,32.8,"
"1975-10-01,1975-11-01,22,,354,,24,,120,,251,,,,27,,,,,,217,,1015,,32.7,"
"1975-11-01,1975-12-01,22,,351,,23,,118,,244,,,,26,,,,,,217,,1001,,33.4,"
"1975-12-01,1976-01-01,25,,362,,24,,119,,255,,,,28,,,,,,217,,1030,,33.2,"
"1976-01-01,1976-02-01,27,,364,,23,,118,,253,,,,28,,,,,,217,,1030,,33.2,"
"1976-02-01,1976-03-01,26,,342,,23,,104,,239,,,,27,,,,,,217,,978,,33.7,"
"1976-03-01,1976-04-01,30,,368,,25,,111,,260,,,,30,,,,,,217,,1041,,33.6,"
"1976-04-01,1976-05-01,28,,366,,25,,111,,253,,,,30,,,,,,217,,1030,,34.3,"
"1976-05-01,1976-06-01,26,,392,,25,,113,,264,,,,31,,,,,,217,,1068,,34.5,"
"1976-06-01,1976-07-01,27,,348,,26,,109,,260,,,,30,,,,,,217,,1017,,33.9,"
"1976-07-01,1976-08-01,28,,367,,26,,116,,269,,,,33,,,,,,217,,1056,,34.1,"
"1976-08-01,1976-09-01,29,,375,,28,,113,,267,,,,33,,,,,,217,,1062,,34.3,"
"1976-09-01,1976-10-01,28,,369,,28,,110,,262,,,,32,,,,,,217,,1046,,34.9,"
"1976-10-01,1976-11-01,30,,391,,29,,116,,272,,,,33,,,,,,217,,1088,,35.1,"
"1976-11-01,1976-12-01,29,,385,,29,,117,,267,,,,32,,,,,,217,,1076,,35.9,"
"1976-12-01,1977-01-01,29,,418,,29,,127,,284,,,,33,,,,,,217,,1137,,36.7,"
"1977-01-01,1977-02-01,29,,430,,30,,131,,286,,,,32,,,,,,223,,1161,,37.5,"
"1977-02-01,1977-03-01,26,,384,,26,,123,,254,,,,29,,,,,,223,,1065,,38.0,"
"1977-03-01,1977-04-01,30,,425,,27,,138,,279,,,,33,,,,,,223,,1155,,37.3,"
"1977-04-01,1977-05-01,30,,417,,29,,136,,272,,,,31,,,,,,223,,1138,,37.9,"
"1977-05-01,1977-06-01,33,,431,,30,,137,,278,,,,32,,,,,,223,,1164,,37.5,"
"1977-06-01,1977-07-01,33,,418,,30,,135,,266,,,,32,,,,,,223,,1137,,37.9,"
"1977-07-01,1977-08-01,27,,431,,31,,138,,275,,,,34,,,,,,223,,1159,,37.4,"
"1977-08-01,1977-09-01,27,,427,,31,,137,,275,,,,35,,,,,,223,,1155,,37.3,"
"1977-09-01,1977-10-01,31,,417,,31,,133,,271,,,,33,,,,,,223,,1139,,38.0,"
"1977-10-01,1977-11-01,33,,437,,31,,137,,281,,,,35,,,,,,223,,1177,,38.0,"
"1977-11-01,1977-12-01,34,,430,,31,,132,,273,,,,33,,,,,,223,,1156,,38.5,"
"1977-12-01,1978-01-01,34,,446,,31,,137,,282,,,,34,,,,,,223,,1187,,38.3,"
"1978-01-01,1978-02-01,34,,450,,32,,135,,282,,,,35,,,,,,227,,1195,,38.5,"
"1978-02-01,1978-03-01,30,,412,,29,,122,,254,,,,31,,,,,,227,,1105,,39.5,"
"1978-03-01,1978-04-01,32,,447,,32,,132,,284,,,,35,,,,,,227,,1189,,38.4,"
"1978-04-01,1978-05-01,30,,438,,31,,124,,278,,,,34,,,,,,227,,1162,,38.7,"
"1978-05-01,1978-06-01,20,,458,,32,,127,,285,,,,35,,,,,,227,,1184,,38.2,"
"1978-06-01,1978-07-01,22,,445,,31,,124,,278,,,,34,,,,,,227,,1161,,38.7,"
"1978-07-01,1978-08-01,23,,460,,34,,128,,285,,,,35,,,,,,227,,1192,,38.5,"
"1978-08-01,1978-09-01,26,,463,,34,,127,,282,,,,35,,,,,,227,,1194,,38.5,"
"1978-09-01,1978-10-01,26,,449,,35,,124,,272,,,,34,,,,,,227,,1167,,38.9,"
"1978-10-01,1978-11-01,29,,466,,39,,125,,282,,,,36,,,,,,227,,1204,,38.8,"
"1978-11-01,1978-12-01,31,,451,,40,,119,,275,,,,35,,,,,,227,,1178,,39.3,"
"1978-12-01,1979-01-01,33,,470,,44,,124,,288,,,,35,,,,,,227,,1221,,39.4,"
"1979-01-01,1979-02-01,32,,470,,45,,124,,288,,,,36,,,,,,230,,1225,,39.5,"
"1979-02-01,1979-03-01,30,,426,,42,,112,,260,,,,32,,,,,,230,,1132,,40.4,"
"1979-03-01,1979-04-01,32,,471,,50,,122,,288,,,,36,,,,,,230,,1229,,39.6,"
"1979-04-01,1979-05-01,31,,454,,50,,116,,282,,,,34,,,,,,230,,1197,,39.9,"
"1979-05-01,1979-06-01,33,,475,,56,,121,,287,,,,35,,,,,,230,,1237,,39.9,"
"1979-06-01,1979-07-01,32,,418,,55,,118,,281,,,,35,,,,,,230,,1169,,39.0,"
"1979-07-01,1979-08-01,33,,432,,58,,124,,289,,,,35,,,,,,230,,1201,,38.7,"
"1979-08-01,1979-09-01,34,,434,,60,,126,,289,,,,36,,,,,,230,,1209,,39.0,"
"1979-09-01,1979-10-01,35,,423,,61,,124,,282,,,,36,,,,,,230,,1191,,39.7,"
"1979-10-01,1979-11-01,36,,467,,64,,125,,294,,,,37,,,,,,230,,1253,,40.4,"
"1979-11-01,1979-12-01,36,,466,,62,,121,,285,,,,36,,,,,,230,,1236,,41.2,"
"1979-12-01,1980-01-01,37,,485,,65,,127,,300,,,,37,,,,,,230,,1281,,41.3,"
"1980-01-01,1980-02-01,36,,482,,66,,128,,301,,,,37,,,,,,232,,1282,,41.4,"
"1980-02-01,1980-03-01,32,,454,,64,,122,,287,,,,35,,,,,,232,,1226,,42.3,"
"1980-03-01,1980-04-01,35,,485,,65,,131,,302,,,,38,,,,,,232,,1288,,41.5,"
"1980-04-01,1980-05-01,34,,470,,65,,127,,297,,,,37,,,,,,232,,1262,,42.1,"
"1980-05-01,1980-06-01,35,,488,,68,,131,,307,,,,38,,,,,,232,,1299,,41.9,"
"1980-06-01,1980-07-01,35,,473,,68,,124,,294,,,,37,,,,,,232,,1263,,42.1,"
"1980-07-01,1980-08-01,36,,476,,70,,133,,306,,,,38,,,,,,232,,1291,,41.6,"
"1980-08-01,1980-09-01,38,,477,,70,,136,,304,,,,38,,,,,,232,,1295,,41.8,"
"1980-09-01,1980-10-01,38,,468,,70,,134,,292,,,,37,,,,,,232,,1271,,42.4,"
"1980-10-01,1980-11-01,39,,488,,72,,138,,306,,,,40,,,,,,232,,1315,,42.4,"
"1980-11-01,1980-12-01,39,,476,,71,,131,,295,,,,41,,,,,,232,,1285,,42.8,"
"1980-12-01,1981-01-01,40,,489,,72,,132,,304,,,,44,,,,,,232,,1313,,42.4,"
"1981-01-01,1981-02-01,39,,497,,72,,130,,303,,,,43,,,,,,235,,1319,,42.5,"
"1981-02-01,1981-03-01,35,,451,,67,,112,,278,,,,41,,,,,,235,,1219,,43.5,"
"1981-03-01,1981-04-01,38,,498,,70,,118,,301,,,,46,,,,,,235,,1306,,42.1,"
"1981-04-01,1981-05-01,37,,482,,71,,113,,296,,,,43,,,,,,235,,1277,,42.6,"
"1981-05-01,1981-06-01,40,,494,,65,,116,,306,,,,45,,,,,,235,,1301,,42.0,"
"1981-06-01,1981-07-01,40,,473,,63,,111,,294,,,,45,,,,,,235,,1261,,42.0,"
"1981-07-01,1981-08-01,43,,483,,63,,111,,304,,,,46,,,,,,235,,1285,,41.5,"
"1981-08-01,1981-09-01,43,,474,,64,,111,,302,,,,46,,,,,,235,,1275,,41.1,"
"1981-09-01,1981-10-01,41,,450,,64,,107,,290,,,,45,,,,,,235,,1232,,41.1,"
"1981-10-01,1981-11-01,44,,455,,64,,106,,300,,,,45,,,,,,235,,1249,,40.3,"
"1981-11-01,1981-12-01,41,,423,,64,,98,,285,,,,45,,,,,,235,,1191,,39.7,"
"1981-12-01,1982-01-01,42,,423,,66,,97,,292,,,,46,,,,,,235,,1201,,38.7,"
"1982-01-01,1982-02-01,42,,412,,67,,93,,288,,,,46,,,,,,254,,1202,,38.8,"
"1982-02-01,1982-03-01,38,,367,,63,,82,,262,,,,41,,,,,,254,,1107,,39.5,"
"1982-03-01,1982-04-01,42,,395,,65,,90,,293,,,,45,,,,,,254,,1184,,38.2,"
"1982-04-01,1982-05-01,41,,377,,63,,84,,284,,,,43,,,,,,254,,1146,,38.2,"
"1982-05-01,1982-06-01,44,,382,,64,,86,,288,,,,45,,,,,,254,,1163,,37.5,"
"1982-06-01,1982-07-01,42,,360,,63,,79,,278,,,,46,,,,,,254,,1122,,37.4,"
"1982-07-01,1982-08-01,44,,359,,67,,83,,279,,,,45,,,,,,254,,1131,,36.5,"
"1982-08-01,1982-09-01,44,,351,,68,,82,,273,,,,46,,,,,,254,,1118,,36.1,"
"1982-09-01,1982-10-01,43,,332,,67,,80,,262,,,,46,,,,,,254,,1084,,36.1,"
"1982-10-01,1982-11-01,44,,337,,69,,82,,268,,,,48,,,,,,254,,1102,,35.5,"
"1982-11-01,1982-12-01,38,,330,,69,,80,,260,,,,47,,,,,,254,,1078,,35.9,"
"1982-12-01,1983-01-01,39,,341,,70,,82,,271,,,,50,,,,,,254,,1107,,35.7,"
"1983-01-01,1983-02-01,40,,344,,73,,80,,270,,,,51,,,,,,261,,1119,,36.1,"
"1983-02-01,1983-03-01,34,,305,,66,,70,,244,,,,47,,,,,,261,,1027,,36.7,"
"1983-03-01,1983-04-01,38,,338,,75,,78,,273,,,,53,,,,,,261,,1116,,36.0,"
"1983-04-01,1983-05-01,37,,333,,76,,77,,269,,,,52,,,,,,261,,1105,,36.8,"
"1983-05-01,1983-06-01,37,,355,,79,,80,,279,,,,55,,,,,,261,,1146,,37.0,"
"1983-06-01,1983-07-01,35,,348,,79,,77,,274,,,,56,,,,,,261,,1130,,37.7,"
"1983-07-01,1983-08-01,34,,375,,82,,83,,285,,,,59,,,,,,261,,1179,,38.0,"
"1983-08-01,1983-09-01,35,,389,,83,,87,,283,,,,61,,,,,,261,,1199,,38.7,"
"1983-09-01,1983-10-01,36,,390,,80,,85,,279,,,,61,,,,,,261,,1192,,39.7,"
"1983-10-01,1983-11-01,38,,418,,83,,89,,291,,,,65,,,,,,261,,1245,,40.2,"
"1983-11-01,1983-12-01,36,,413,,83,,88,,282,,,,67,,,,,,261,,1230,,41.0,"
"1983-12-01,1984-01-01,36,,440,,83,,93,,293,,,,73,,,,,,261,,1279,,41.3,"
"1984-01-01,1984-02-01,36,,446,,83,,93,,295,,,,76,,,,,,277,,1306,,42.1,"
"1984-02-01,1984-03-01,32,,422,,81,,87,,277,,,,74,,,,,,277,,1250,,43.1,"
"1984-03-01,1984-04-01,33,,454,,86,,97,,302,,,,79,,,,,,277,,1328,,42.8,"
"1984-04-01,1984-05-01,33,,448,,83,,93,,292,,,,77,,,,,,277,,1303,,43.4,"
"1984-05-01,1984-06-01,35,,469,,85,,98,,303,,,,81,,,,,,277,,1348,,43.5,"
"1984-06-01,1984-07-01,35,,452,,84,,95,,293,,,,82,,,,,,277,,1318,,43.9,"
"1984-07-01,1984-08-01,36,,455,,87,,105,,299,,,,86,,,,,,277,,1345,,43.4,"
"1984-08-01,1984-09-01,35,,448,,89,,107,,295,,,,87,,,,,,277,,1338,,43.2,"
"1984-09-01,1984-10-01,35,,430,,87,,101,,285,,,,86,,,,,,277,,1301,,43.4,"
"1984-10-01,1984-11-01,34,,443,,88,,103,,292,,,,90,,,,,,277,,1327,,42.8,"
"1984-11-01,1984-12-01,34,,424,,90,,101,,281,,,,88,,,,,,277,,1295,,43.2,"
"1984-12-01,1985-01-01,35,,436,,92,,102,,288,,,,92,,,,,,277,,1322,,42.6,"
"1985-01-01,1985-02-01,36,,429,,96,,101,,285,,,,91,,,,,,291,,1329,,42.9,"
"1985-02-01,1985-03-01,33,,382,,88,,91,,258,,,,83,,,,,,291,,1226,,43.8,"
"1985-03-01,1985-04-01,35,,418,,95,,100,,284,,,,92,,,,,,291,,1315,,42.4,"
"1985-04-01,1985-05-01,36,,400,,94,,92,,276,,,,89,,,,,,291,,1278,,42.6,"
"1985-05-01,1985-06-01,40,,413,,96,,99,,283,,,,91,,,,,,291,,1313,,42.4,"
"1985-06-01,1985-07-01,40,,396,,95,,94,,274,,,,89,,,,,,291,,1279,,42.6,"
"1985-07-01,1985-08-01,42,,402,,97,,99,,281,,,,93,,,,,,291,,1305,,42.1,"
"1985-08-01,1985-09-01,42,,400,,99,,98,,277,,,,94,,,,,,291,,1301,,42.0,"
"1985-09-01,1985-10-01,41,,388,,96,,95,,272,,,,90,,,,,,291,,1273,,42.4,"
"1985-10-01,1985-11-01,42,,397,,101,,99,,281,,,,94,,,,,,291,,1305,,42.1,"
"1985-11-01,1985-12-01,42,,373,,100,,96,,273,,,,91,,,,,,291,,1266,,42.2,"
"1985-12-01,1986-01-01,43,,383,,103,,99,,283,,,,94,,,,,,291,,1296,,41.8,"
"1986-01-01,1986-02-01,45,,386,,104,,97,,282,,,,94,,,,,,303,,1311,,42.3,"
"1986-02-01,1986-03-01,41,,353,,98,,88,,256,,,,84,,,,,,303,,1223,,43.7,"
"1986-03-01,1986-04-01,45,,384,,106,,96,,286,,,,93,,,,,,303,,1313,,42.4,"
"1986-04-01,1986-05-01,44,,374,,111,,88,,276,,,,91,,,,,,303,,1287,,42.9,"
"1986-05-01,1986-06-01,46,,393,,118,,89,,287,,,,94,,,,,,303,,1330,,42.9,"
"1986-06-01,1986-07-01,44,,354,,118,,87,,281,,,,92,,,,,,303,,1279,,42.6,"
"1986-07-01,1986-08-01,48,,349,,121,,88,,290,,,,95,,,,,,303,,1294,,41.7,"
"1986-08-01,1986-09-01,49,,355,,124,,89,,289,,,,95,,,,,,303,,1304,,42.1,"
"1986-09-01,1986-10-01,47,,349,,121,,87,,282,,,,92,,,,,,303,,1281,,42.7,"
"1986-10-01,1986-11-01,49,,366,,125,,90,,292,,,,96,,,,,,303,,1321,,42.6,"
"1986-11-01,1986-12-01,48,,360,,123,,87,,283,,,,93,,,,,,303,,1297,,43.2,"
"1986-12-01,1987-01-01,50,,379,,128,,88,,295,,,,100,,,,,,303,,1343,,43.3,"
"1987-01-01,1987-02-01,50,,389,,121,,88,,293,,,,101,,,,,,324,,1366,,44.1,"
"1987-02-01,1987-03-01,45,,354,,118,,79,,268,,,,91,,,,,,324,,1279,,45.7,"
"1987-03-01,1987-04-01,49,,399,,120,,84,,293,,,,105,,,,,,324,,1374,,44.3,"
"1987-04-01,1987-05-01,47,,391,,122,,77,,285,,,,102,,,,,,324,,1348,,44.9,"
"1987-05-01,1987-06-01,45,,408,,125,,80,,293,,,,108,,,,,,324,,1383,,44.6,"
"1987-06-01,1987-07-01,44,,400,,123,,78,,288,,,,106,,,,,,324,,1363,,45.4,"
"1987-07-01,1987-08-01,47,,415,,125,,76,,292,,,,111,,,,,,324,,1390,,44.8,"
"1987-08-01,1987-09-01,49,,421,,127,,70,,293,,,,111,,,,,,324,,1395,,45.0,"
"1987-09-01,1987-10-01,48,,413,,124,,70,,283,,,,108,,,,,,324,,1370,,45.7,"
"1987-10-01,1987-11-01,50,,435,,128,,74,,295,,,,111,,,,,,324,,1417,,45.7,"
"1987-11-01,1987-12-01,48,,423,,125,,73,,291,,,,108,,,,,,324,,1392,,46.4,"
"1987-12-01,1988-01-01,50,,441,,128,,78,,288,,,,111,,,,,,324,,1420,,45.8,"
"1988-01-01,1988-02-01,50,,444,,125,,79,,284,,,,112,,,,,,423,,1517,,48.9,"
"1988-02-01,1988-03-01,47,,421,,123,,75,,263,,,,104,,,,,,423,,1456,,50.2,"
"1988-03-01,1988-04-01,49,,456,,126,,82,,283,,,,113,,,,,,423,,1532,,49.4,"
"1988-04-01,1988-05-01,47,,447,,125,,79,,283,,,,111,,,,,,423,,1515,,50.5,"
"1988-05-01,1988-06-01,48,,465,,129,,82,,296,,,,116,,,,,,423,,1559,,50.3,"
"1988-06-01,1988-07-01,49,,450,,128,,78,,290,,,,114,,,,,,423,,1532,,51.1,"
"1988-07-01,1988-08-01,51,,465,,131,,81,,302,,,,121,,,,,,423,,1574,,50.8,"
"1988-08-01,1988-09-01,52,,464,,132,,83,,300,,,,122,,,,,,423,,1576,,50.8,"
"1988-09-01,1988-10-01,50,,454,,130,,82,,290,,,,120,,,,,,423,,1549,,51.6,"
"1988-10-01,1988-11-01,52,,473,,133,,86,,303,,,,126,,,,,,423,,1596,,51.5,"
"1988-11-01,1988-12-01,50,,460,,134,,85,,291,,,,122,,,,,,423,,1565,,52.2,"
"1988-12-01,1989-01-01,52,,476,,137,,89,,303,,,,126,,,,,,423,,1606,,51.8,"
"1989-01-01,1989-02-01,51,,478,,138,,90,,307,,,,125,,,,,,423,,1612,,52.0,"
"1989-02-01,1989-03-01,47,,431,,131,,82,,276,,,,116,,,,,,423,,1506,,53.8,"
"1989-03-01,1989-04-01,52,,478,,138,,92,,304,,,,127,,,,,,423,,1614,,52.1,"
"1989-04-01,1989-05-01,50,,462,,139,,89,,297,,,,124,,,,,,423,,1584,,52.8,"
"1989-05-01,1989-06-01,51,,480,,142,,91,,304,,,,129,,,,,,423,,1620,,52.3,"
"1989-06-01,1989-07-01,49,,464,,142,,88,,294,,,,124,,,,,,423,,1584,,52.8,"
"1989-07-01,1989-08-01,51,,478,,145,,90,,304,,,,129,,,,,,423,,1620,,52.3,"
"1989-08-01,1989-09-01,51,,471,,146,,93,,303,,,,127,,,,,,423,,1614,,52.1,"
"1989-09-01,1989-10-01,50,,453,,142,,90,,293,,,,123,,,,,,423,,1574,,52.5,"
"1989-10-01,1989-11-01,51,,461,,145,,96,,304,,,,127,,,,,,423,,1607,,51.8,"
"1989-11-01,1989-12-01,49,,456,,143,,94,,292,,,,123,,,,,,423,,1580,,52.7,"
"1989-12-01,1990-01-01,51,,475,,147,,98,,302,,,,127,,,,,,423,,1623,,52.4,"
"1990-01-01,1990-02-01,51,,476,,145,,95,,301,,,,127,,,,,,444,,1639,,52.9,"
"1990-02-01,1990-03-01,46,,431,,135,,88,,274,,,,115,,,,,,444,,1533,,54.8,"
"1990-03-01,1990-04-01,51,,477,,142,,96,,305,,,,127,,,,,,444,,1642,,53.0,"
"1990-04-01,1990-05-01,48,,459,,144,,86,,292,,,,123,,,,,,444,,1596,,53.2,"
"1990-05-01,1990-06-01,51,,474,,146,,89,,302,,,,127,,,,,,444,,1633,,52.7,"
"1990-06-01,1990-07-01,49,,459,,143,,91,,295,,,,123,,,,,,444,,1604,,53.5,"
"1990-07-01,1990-08-01,51,,472,,147,,94,,301,,,,127,,,,,,444,,1636,,52.8,"
"1990-08-01,1990-09-01,51,,475,,152,,95,,301,,,,128,,,,,,444,,1646,,53.1,"
"1990-09-01,1990-10-01,50,,463,,149,,93,,294,,,,124,,,,,,444,,1617,,53.9,"
"1990-10-01,1990-11-01,52,,481,,157,,98,,301,,,,128,,,,,,444,,1661,,53.6,"
"1990-11-01,1990-12-01,50,,464,,160,,97,,292,,,,123,,,,,,444,,1630,,54.3,"
"1990-12-01,1991-01-01,52,,486,,170,,96,,303,,,,126,,,,,,444,,1677,,54.1,"
"1991-01-01,1991-02-01,52,,491,,169,,101,,299,,,,126,,,,,,406,,1644,,53.0,"
"1991-02-01,1991-03-01,47,,450,,162,,94,,270,,,,114,,,,,,406,,1543,,55.1,"
"1991-03-01,1991-04-01,52,,505,,156,,105,,300,,,,127,,,,,,406,,1651,,53.3,"
"1991-04-01,1991-05-01,50,,491,,159,,101,,290,,,,123,,,,,,406,,1620,,54.0,"
"1991-05-01,1991-06-01,52,,513,,168,,104,,301,,,,125,,,,,,406,,1669,,53.8,"
"1991-06-01,1991-07-01,51,,496,,168,,101,,291,,,,124,,,,,,406,,1637,,54.6,"
"1991-07-01,1991-08-01,52,,513,,170,,104,,302,,,,127,,,,,,406,,1674,,54.0,"
"1991-08-01,1991-09-01,52,,508,,171,,105,,301,,,,128,,,,,,406,,1671,,53.9,"
"1991-09-01,1991-10-01,50,,489,,168,,100,,292,,,,124,,,,,,406,,1629,,54.3,"
"1991-10-01,1991-11-01,52,,507,,170,,104,,297,,,,127,,,,,,406,,1663,,53.6,"
"1991-11-01,1991-12-01,50,,488,,166,,100,,278,,,,123,,,,,,406,,1611,,53.7,"
"1991-12-01,1992-01-01,52,,496,,169,,104,,284,,,,127,,,,,,406,,1638,,52.8,"
"1992-01-01,1992-02-01,52,,497,,167,,111,,276,,,,127,,,,,,391,,1621,,52.3,"
"1992-02-01,1992-03-01,48,,463,,156,,104,,262,,,,118,,,,,,391,,1542,,53.2,"
"1992-03-01,1992-04-01,52,,497,,155,,111,,276,,,,126,,,,,,391,,1608,,51.9,"
"1992-04-01,1992-05-01,51,,482,,159,,106,,271,,,,123,,,,,,391,,1583,,52.8,"
"1992-05-01,1992-06-01,52,,499,,163,,109,,284,,,,126,,,,,,391,,1624,,52.4,"
"1992-06-01,1992-07-01,50,,483,,161,,106,,273,,,,123,,,,,,391,,1587,,52.9,"
"1992-07-01,1992-08-01,52,,500,,164,,116,,282,,,,120,,,,,,391,,1625,,52.4,"
"1992-08-01,1992-09-01,52,,509,,166,,119,,283,,,,121,,,,,,391,,1641,,52.9,"
"1992-09-01,1992-10-01,51,,500,,162,,117,,274,,,,119,,,,,,391,,1614,,53.8,"
"1992-10-01,1992-11-01,53,,527,,167,,125,,282,,,,128,,,,,,391,,1673,,54.0,"
"1992-11-01,1992-12-01,51,,520,,163,,124,,275,,,,122,,,,,,391,,1646,,54.9,"
"1992-12-01,1993-01-01,53,,539,,166,,131,,281,,,,130,,,,,,391,,1691,,54.5,"
"1993-01-01,1993-02-01,53,,528,,166,,132,,278,,,,131,,,,,,395,,1683,,54.3,"
"1993-02-01,1993-03-01,47,,467,,154,,120,,253,,,,120,,,,,,395,,1556,,55.6,"
"1993-03-01,1993-04-01,52,,520,,163,,132,,277,,,,135,,,,,,395,,1674,,54.0,"
"1993-04-01,1993-05-01,51,,503,,163,,125,,266,,,,135,,,,,,395,,1638,,54.6,"
"1993-05-01,1993-06-01,52,,522,,163,,124,,277,,,,143,,,,,,395,,1676,,54.1,"
"1993-06-01,1993-07-01,51,,504,,161,,121,,265,,,,138,,,,,,395,,1635,,54.5,"
"1993-07-01,1993-08-01,52,,511,,166,,125,,271,,,,143,,,,,,395,,1663,,53.6,"
"1993-08-01,1993-09-01,52,,497,,166,,130,,274,,,,144,,,,,,395,,1658,,53.5,"
"1993-09-01,1993-10-01,50,,481,,161,,127,,265,,,,139,,,,,,395,,1618,,53.9,"
"1993-10-01,1993-11-01,52,,499,,162,,133,,272,,,,143,,,,,,395,,1656,,53.4,"
"1993-11-01,1993-12-01,51,,478,,160,,127,,266,,,,139,,,,,,395,,1616,,53.9,"
"1993-12-01,1994-01-01,53,,490,,164,,134,,272,,,,143,,,,,,395,,1651,,53.3,"
"1994-01-01,1994-02-01,52,,488,,165,,135,,275,,,,142,,,,,,326,,1583,,51.1,"
"1994-02-01,1994-03-01,47,,438,,154,,121,,246,,,,130,,,,,,326,,1462,,52.2,"
"1994-03-01,1994-04-01,52,,480,,164,,133,,270,,,,139,,,,,,326,,1564,,50.5,"
"1994-04-01,1994-05-01,50,,456,,162,,128,,257,,,,127,,,,,,326,,1506,,50.2,"
"1994-05-01,1994-06-01,50,,468,,167,,132,,256,,,,132,,,,,,326,,1531,,49.4,"
"1994-06-01,1994-07-01,47,,452,,164,,128,,245,,,,129,,,,,,326,,1491,,49.7,"
"1994-07-01,1994-08-01,48,,465,,167,,135,,256,,,,132,,,,,,326,,1529,,49.3,"
"1994-08-01,1994-09-01,49,,464,,169,,134,,256,,,,133,,,,,,326,,1531,,49.4,"
"1994-09-01,1994-10-01,46,,451,,164,,130,,461,,,,129,,,,,,326,,1707,,56.9,"
"1994-10-01,1994-11-01,45,,467,,167,,136,,481,,,,132,,,,,,326,,1754,,56.6,"
"1994-11-01,1994-12-01,44,,454,,164,,134,,470,,,,127,,,,,,326,,1719,,57.3,"
"1994-12-01,1995-01-01,46,,471,,169,,139,,488,,,,131,,,,,,326,,1770,,57.1,"
"1995-01-01,1995-02-01,48,,471,,175,,141,,493,,,,131,,,,,,189,,1648,,53.2,"
"1995-02-01,1995-03-01,44,,425,,153,,129,,454,,,,119,,,,,,189,,1513,,54.0,"
"1995-03-01,1995-04-01,48,,471,,169,,141,,497,,,,133,,,,,,189,,1648,,53.2,"
"1995-04-01,1995-05-01,48,,456,,166,,136,,476,,,,128,,,,,,189,,1599,,53.3,"
"1995-05-01,1995-06-01,49,,476,,173,,141,,490,,,,132,,,,,,189,,1650,,53.2,"
"1995-06-01,1995-07-01,47,,462,,168,,137,,481,,,,129,,,,,,189,,1613,,53.8,"
"1995-07-01,1995-08-01,50,,478,,176,,140,,503,,,,133,,,,,,189,,1669,,53.8,"
"1995-08-01,1995-09-01,53,,476,,177,,140,,500,,,,134,,,,,,189,,1669,,53.8,"
"1995-09-01,1995-10-01,54,,465,,172,,135,,490,,,,130,,,,,,189,,1635,,54.5,"
"1995-10-01,1995-11-01,60,,448,,178,,140,,506,,,,134,,,,,,189,,1655,,53.4,"
"1995-11-01,1995-12-01,62,,439,,172,,136,,490,,,,129,,,,,,189,,1617,,53.9,"
"1995-12-01,1996-01-01,68,,479,,179,,140,,505,,,,134,,,,,,189,,1694,,54.6,"
"1996-01-01,1996-02-01,70,,491,,178,,141,,271,,267,,134,,,,,,185,,1737,,56.0,"
"1996-02-01,1996-03-01,69,,464,,167,,132,,253,,252,,128,,,,,,185,,1650,,56.9,"
"1996-03-01,1996-04-01,76,,496,,179,,138,,270,,273,,138,,,,,,185,,1755,,56.6,"
"1996-04-01,1996-05-01,79,,480,,174,,126,,261,,264,,134,,,,,,185,,1703,,56.8,"
"1996-05-01,1996-06-01,86,,498,,177,,134,,269,,271,,139,,,,,,185,,1759,,56.7,"
"1996-06-01,1996-07-01,87,,480,,172,,130,,261,,259,,134,,,,,,185,,1708,,56.9,"
"1996-07-01,1996-08-01,91,,494,,179,,133,,271,,268,,140,,,,,,185,,1761,,56.8,"
"1996-08-01,1996-09-01,92,,496,,178,,135,,269,,268,,142,,,,,,185,,1765,,56.9,"
"1996-09-01,1996-10-01,89,,479,,172,,130,,261,,261,,139,,,,,,185,,1716,,57.2,"
"1996-10-01,1996-11-01,93,,498,,179,,138,,270,,270,,143,,,,,,185,,1776,,57.3,"
"1996-11-01,1996-12-01,90,,483,,173,,139,,263,,263,,140,,,,,,185,,1736,,57.9,"
"1996-12-01,1997-01-01,93,,501,,179,,148,,273,,269,,145,,,,,,185,,1793,,57.8,"
"1997-01-01,1997-02-01,93,,501,,178,,164,,273,,278,,143,,,,,,194,,1824,,58.8,"
"1997-02-01,1997-03-01,84,,455,,163,,144,,247,,251,,129,,,,,,194,,1667,,59.5,"
"1997-03-01,1997-04-01,94,,504,,180,,162,,274,,279,,143,,,,,,194,,1830,,59.0,"
"1997-04-01,1997-05-01,91,,485,,175,,156,,266,,272,,139,,,,,,194,,1778,,59.3,"
"1997-05-01,1997-06-01,93,,502,,180,,162,,277,,282,,146,,,,,,194,,1836,,59.2,"
"1997-06-01,1997-07-01,90,,487,,175,,154,,269,,271,,145,,,,,,194,,1785,,59.5,"
"1997-07-01,1997-08-01,94,,502,,180,,161,,279,,281,,156,,,,,,194,,1847,,59.6,"
"1997-08-01,1997-09-01,94,,501,,180,,162,,280,,279,,158,,,,,,194,,1848,,59.6,"
"1997-09-01,1997-10-01,90,,485,,174,,158,,274,,273,,156,,,,,,194,,1804,,60.1,"
"1997-10-01,1997-11-01,94,,506,,179,,163,,287,,286,,164,,,,,,194,,1873,,60.4,"
"1997-11-01,1997-12-01,93,,491,,173,,160,,280,,278,,160,,,,,,194,,1829,,61.0,"
"1997-12-01,1998-01-01,96,,511,,179,,164,,291,,286,,165,,,,,,194,,1886,,60.8,"
"1998-01-01,1998-02-01,94,,508,,177,,166,,294,,288,,163,,,,,,231,,1921,,62.0,"
"1998-02-01,1998-03-01,87,,459,,161,,150,,267,,260,,145,,,,,,231,,1760,,62.9,"
"1998-03-01,1998-04-01,90,,514,,177,,164,,296,,288,,159,,,,,,231,,1919,,61.9,"
"1998-04-01,1998-05-01,83,,500,,172,,155,,288,,279,,156,,,,,,231,,1864,,62.1,"
"1998-05-01,1998-06-01,83,,517,,174,,154,,300,,289,,163,,,,,,231,,1911,,61.6,"
"1998-06-01,1998-07-01,80,,502,,170,,145,,291,,283,,159,,,,,,231,,1861,,62.0,"
"1998-07-01,1998-08-01,86,,520,,176,,148,,303,,291,,165,,,,,,231,,1920,,61.9,"
"1998-08-01,1998-09-01,89,,520,,175,,150,,303,,292,,166,,,,,,231,,1926,,62.1,"
"1998-09-01,1998-10-01,86,,505,,170,,148,,293,,279,,158,,,,,,231,,1870,,62.3,"
"1998-10-01,1998-11-01,89,,517,,176,,152,,305,,293,,167,,,,,,231,,1930,,62.3,"
"1998-11-01,1998-12-01,86,,504,,171,,152,,298,,282,,163,,,,,,231,,1887,,62.9,"
"1998-12-01,1999-01-01,90,,520,,176,,159,,311,,295,,170,,,,,,231,,1952,,63.0,"
"1999-01-01,1999-02-01,90,,520,,175,,161,,312,,300,,170,,,,194,,39,,1961,,63.3,"
"1999-02-01,1999-03-01,81,,471,,158,,145,,282,,272,,154,,,,197,,39,,1799,,64.3,"
"1999-03-01,1999-04-01,90,,524,,174,,159,,315,,303,,172,,,,200,,39,,1976,,63.7,"
"1999-04-01,1999-05-01,90,,506,,168,,153,,305,,294,,167,,,,210,,39,,1932,,64.4,"
"1999-05-01,1999-06-01,93,,522,,175,,160,,317,,303,,172,,,,213,,39,,1994,,64.3,"
"1999-06-01,1999-07-01,90,,506,,171,,156,,307,,294,,165,,,,226,,39,,1954,,65.1,"
"1999-07-01,1999-08-01,93,,522,,177,,164,,315,,303,,173,,,,215,,39,,2001,,64.5,"
"1999-08-01,1999-09-01,94,,526,,179,,169,,316,,307,,172,,,,224,,39,,2026,,65.4,"
"1999-09-01,1999-10-01,92,,504,,176,,169,,306,,295,,168,,,,224,,39,,1973,,65.8,"
"1999-10-01,1999-11-01,95,,525,,183,,177,,318,,306,,173,,,,221,,39,,2037,,65.7,"
"1999-11-01,1999-12-01,92,,512,,176,,173,,309,,296,,168,,,,239,,39,,2004,,66.8,"
"1999-12-01,2000-01-01,95,,531,,181,,180,,318,,311,,174,,,,235,,39,,2064,,66.6,"
"2000-01-01,2000-02-01,97,,532,,179,,183,,322,,309,,174,,,,212,,56,,2064,,66.6,"
"2000-02-01,2000-03-01,87,,497,,171,,173,,299,,290,,164,,,,208,,56,,1945,,67.1,"
"2000-03-01,2000-04-01,93,,529,,183,,186,,319,,310,,175,,,,209,,56,,2060,,66.5,"
"2000-04-01,2000-05-01,90,,510,,178,,179,,307,,302,,170,,,,209,,56,,2001,,66.7,"
"2000-05-01,2000-06-01,94,,528,,184,,187,,319,,312,,176,,,,211,,56,,2067,,66.7,"
"2000-06-01,2000-07-01,93,,492,,179,,182,,309,,302,,172,,,,242,,56,,2027,,67.6,"
"2000-07-01,2000-08-01,97,,496,,184,,188,,321,,314,,179,,,,228,,56,,2063,,66.5,"
"2000-08-01,2000-09-01,100,,495,,185,,188,,323,,313,,178,,,,239,,56,,2077,,67.0,"
"2000-09-01,2000-10-01,99,,484,,178,,183,,313,,302,,173,,,,249,,56,,2037,,67.9,"
"2000-10-01,2000-11-01,108,,500,,184,,191,,326,,313,,180,,,,248,,56,,2106,,67.9,"
"2000-11-01,2000-12-01,105,,484,,178,,186,,316,,306,,174,,,,256,,56,,2061,,68.7,"
"2000-12-01,2001-01-01,115,,494,,184,,195,,327,,316,,179,,,,283,,56,,2149,,69.3,"
"2001-01-01,2001-02-01,118,,463,,184,,191,,331,,314,,179,,,,246,,49,,2075,,66.9,"
"2001-02-01,2001-03-01,106,,410,,167,,175,,294,,286,,163,,,,271,,49,,1921,,68.6,"
"2001-03-01,2001-04-01,116,,446,,185,,186,,328,,315,,180,,,,271,,49,,2076,,67.0,"
"2001-04-01,2001-05-01,113,,434,,178,,178,,319,,303,,175,,,,271,,49,,2020,,67.3,"
"2001-05-01,2001-06-01,114,,450,,183,,186,,330,,315,,181,,,,280,,49,,2088,,67.4,"
"2001-06-01,2001-07-01,113,,426,,162,,183,,319,,306,,175,,,,277,,49,,2010,,67.0,"
"2001-07-01,2001-08-01,120,,433,,155,,190,,332,,318,,181,,,,274,,49,,2052,,66.2,"
"2001-08-01,2001-09-01,119,,433,,151,,192,,331,,318,,180,,,,283,,49,,2056,,66.3,"
"2001-09-01,2001-10-01,110,,421,,150,,186,,318,,307,,173,,,,279,,49,,1993,,66.4,"
"2001-10-01,2001-11-01,110,,440,,158,,192,,331,,317,,179,,,,291,,49,,2067,,66.7,"
"2001-11-01,2001-12-01,113,,429,,155,,185,,321,,309,,175,,,,300,,49,,2036,,67.9,"
"2001-12-01,2002-01-01,117,,437,,163,,190,,331,,320,,181,,,,328,,49,,2116,,68.3,"
"2002-01-01,2002-02-01,117,,437,,174,,192,,335,,319,,179,,,,315,,53,,2121,,68.4,"
"2002-02-01,2002-03-01,107,,403,,169,,176,,301,,290,,163,,,,311,,53,,1973,,70.5,"
"2002-03-01,2002-04-01,112,,451,,190,,194,,334,,323,,183,,,,318,,53,,2158,,69.6,"
"2002-04-01,2002-05-01,108,,437,,185,,186,,323,,310,,177,,,,332,,53,,2111,,70.4,"
"2002-05-01,2002-06-01,113,,456,,191,,192,,333,,325,,184,,,,350,,53,,2197,,70.9,"
"2002-06-01,2002-07-01,112,,447,,185,,182,,322,,315,,178,,,,358,,53,,2152,,71.7,"
"2002-07-01,2002-08-01,118,,465,,190,,191,,331,,325,,184,,,,360,,53,,2217,,71.5,"
"2002-08-01,2002-09-01,117,,466,,191,,190,,332,,325,,186,,,,366,,53,,2226,,71.8,"
"2002-09-01,2002-10-01,116,,451,,184,,183,,322,,317,,181,,,,385,,53,,2192,,73.1,"
"2002-10-01,2002-11-01,119,,467,,190,,191,,334,,327,,187,,,,405,,53,,2273,,73.3,"
"2002-11-01,2002-12-01,115,,458,,187,,187,,325,,319,,180,,,,413,,53,,2237,,74.6,"
"2002-12-01,2003-01-01,118,,475,,194,,197,,336,,330,,188,,,,408,,53,,2299,,74.2,"
"2003-01-01,2003-02-01,110,,476,,194,,201,,337,,333,,187,,,,414,,42,,2294,,74.0,"
"2003-02-01,2003-03-01,99,,432,,177,,184,,306,,302,,169,,,,400,,42,,2111,,75.4,"
"2003-03-01,2003-04-01,109,,475,,197,,206,,340,,335,,186,,,,424,,42,,2314,,74.6,"
"2003-04-01,2003-05-01,107,,455,,192,,202,,328,,324,,180,,,,437,,42,,2267,,75.6,"
"2003-05-01,2003-06-01,111,,467,,198,,209,,343,,337,,184,,,,442,,42,,2333,,75.3,"
"2003-06-01,2003-07-01,112,,450,,191,,202,,334,,327,,178,,,,452,,42,,2288,,76.3,"
"2003-07-01,2003-08-01,117,,463,,194,,203,,343,,338,,184,,,,464,,42,,2348,,75.7,"
"2003-08-01,2003-09-01,127,,463,,184,,210,,347,,340,,186,,,,480,,42,,2379,,76.7,"
"2003-09-01,2003-10-01,129,,446,,178,,205,,338,,333,,184,,,,502,,42,,2357,,78.6,"
"2003-10-01,2003-11-01,134,,462,,186,,217,,353,,345,,187,,,,504,,42,,2430,,78.4,"
"2003-11-01,2003-12-01,133,,446,,187,,213,,343,,335,,184,,,,514,,42,,2397,,79.9,"
"2003-12-01,2004-01-01,140,,460,,197,,223,,356,,347,,189,,,,514,,42,,2468,,79.6,"
"2004-01-01,2004-02-01,143,,453,,195,,229,,356,,351,,188,,,,500,,48,,2463,,79.5,"
"2004-02-01,2004-03-01,134,,424,,185,,212,,334,,328,,178,,,,498,,48,,2341,,80.7,"
"2004-03-01,2004-04-01,140,,450,,199,,228,,358,,351,,189,,,,518,,48,,2481,,80.0,"
"2004-04-01,2004-05-01,139,,432,,193,,219,,347,,341,,184,,,,526,,48,,2429,,81.0,"
"2004-05-01,2004-06-01,143,,446,,200,,228,,359,,354,,191,,,,551,,48,,2520,,81.3,"
"2004-06-01,2004-07-01,138,,425,,191,,221,,350,,340,,184,,,,554,,48,,2451,,81.7,"
"2004-07-01,2004-08-01,145,,420,,200,,231,,365,,348,,191,,,,562,,48,,2510,,81.0,"
"2004-08-01,2004-09-01,146,,415,,200,,231,,367,,349,,190,,,,580,,48,,2526,,81.5,"
"2004-09-01,2004-10-01,143,,402,,195,,229,,358,,339,,185,,,,575,,48,,2474,,82.5,"
"2004-10-01,2004-11-01,148,,418,,201,,238,,371,,349,,190,,,,591,,48,,2554,,82.4,"
"2004-11-01,2004-12-01,143,,407,,195,,231,,359,,339,,184,,,,611,,48,,2517,,83.9,"
"2004-12-01,2005-01-01,149,,418,,202,,238,,371,,350,,192,,,,623,,48,,2591,,83.6,"
"2005-01-01,2005-02-01,146,,419,,198,,242,,373,,354,,188,,,,585,,53,,2558,,82.5,"
"2005-02-01,2005-03-01,132,,391,,181,,214,,338,,321,,170,,,,571,,53,,2371,,84.7,"
"2005-03-01,2005-04-01,150,,445,,202,,243,,374,,357,,190,,,,600,,53,,2614,,84.3,"
"2005-04-01,2005-05-01,143,,445,,194,,243,,360,,345,,185,,,,624,,53,,2592,,86.4,"
"2005-05-01,2005-06-01,141,,463,,201,,262,,373,,355,,192,,,,645,,53,,2685,,86.6,"
"2005-06-01,2005-07-01,141,,453,,194,,264,,358,,346,,186,,,,658,,53,,2653,,88.4,"
"2005-07-01,2005-08-01,148,,468,,202,,274,,370,,357,,192,,,,672,,53,,2736,,88.3,"
"2005-08-01,2005-09-01,149,,467,,205,,279,,366,,356,,192,,,,693,,53,,2760,,89.0,"
"2005-09-01,2005-10-01,144,,447,,199,,271,,355,,343,,188,,,,695,,53,,2695,,89.8,"
"2005-10-01,2005-11-01,152,,464,,206,,283,,368,,356,,194,,,,687,,53,,2763,,89.1,"
"2005-11-01,2005-12-01,148,,454,,200,,277,,355,,346,,185,,,,686,,53,,2704,,90.1,"
"2005-12-01,2006-01-01,159,,466,,209,,287,,362,,358,,190,,,,690,,53,,2774,,89.5,"
"2006-01-01,2006-02-01,157,,456,,209,,287,,356,,361,,190,,,,689,,60,,2765,,89.2,"
"2006-02-01,2006-03-01,142,,413,,190,,261,,321,,325,,171,,,,667,,60,,2550,,91.1,"
"2006-03-01,2006-04-01,160,,456,,210,,293,,356,,361,,190,,,,704,,60,,2790,,90.0,"
"2006-04-01,2006-05-01,152,,441,,206,,285,,346,,348,,183,,,,724,,60,,2745,,91.5,"
"2006-05-01,2006-06-01,156,,455,,213,,294,,356,,357,,193,,,,751,,60,,2835,,91.5,"
"2006-06-01,2006-07-01,154,,439,,205,,281,,344,,346,,186,,,,775,,60,,2790,,93.0,"
"2006-07-01,2006-08-01,159,,450,,212,,295,,349,,359,,194,,,,787,,60,,2865,,92.4,"
"2006-08-01,2006-09-01,159,,442,,213,,297,,351,,358,,194,,,,812,,60,,2886,,93.1,"
"2006-09-01,2006-10-01,153,,432,,205,,289,,343,,346,,189,,,,821,,60,,2838,,94.6,"
"2006-10-01,2006-11-01,158,,451,,212,,305,,358,,359,,196,,,,854,,60,,2953,,95.3,"
"2006-11-01,2006-12-01,153,,440,,206,,297,,345,,347,,191,,,,871,,60,,2910,,97.0,"
"2006-12-01,2007-01-01,161,,458,,212,,309,,357,,363,,197,,,,894,,60,,3011,,97.1,"
"2007-01-01,2007-02-01,159,,461,,212,,313,,353,,363,,196,,,,940,,61,,3058,,98.6,"
"2007-02-01,2007-03-01,143,,420,,191,,283,,321,,334,,178,,,,936,,61,,2867,,102.4,"
"2007-03-01,2007-04-01,156,,475,,213,,311,,357,,369,,197,,,,965,,61,,3104,,100.1,"
"2007-04-01,2007-05-01,146,,462,,210,,301,,347,,360,,191,,,,991,,61,,3069,,102.3,"
"2007-05-01,2007-06-01,151,,473,,218,,313,,362,,376,,197,,,,1002,,61,,3153,,101.7,"
"2007-06-01,2007-07-01,149,,461,,210,,306,,353,,365,,190,,,,1034,,61,,3129,,104.3,"
"2007-07-01,2007-08-01,153,,481,,218,,315,,365,,380,,195,,,,1073,,61,,3241,,104.5,"
"2007-08-01,2007-09-01,154,,482,,219,,316,,368,,383,,196,,,,1110,,61,,3289,,106.1,"
"2007-09-01,2007-10-01,148,,470,,212,,307,,358,,371,,191,,,,1119,,61,,3237,,107.9,"
"2007-10-01,2007-11-01,152,,487,,219,,319,,372,,390,,197,,,,1136,,61,,3333,,107.5,"
"2007-11-01,2007-12-01,150,,475,,213,,311,,364,,379,,190,,,,1135,,61,,3278,,109.3,"
"2007-12-01,2008-01-01,154,,495,,223,,322,,385,,390,,197,,,,1147,,61,,3374,,108.8,"
"2008-01-01,2008-02-01,151,,498,,223,,326,,389,,393,,196,,,,1100,,61,,3337,,107.6,"
"2008-02-01,2008-03-01,134,,467,,207,,300,,368,,370,,183,,,,1044,,61,,3134,,108.1,"
"2008-03-01,2008-04-01,143,,500,,223,,323,,395,,394,,196,,,,1084,,61,,3319,,107.1,"
"2008-04-01,2008-05-01,135,,484,,218,,320,,389,,381,,192,,,,1141,,61,,3321,,110.7,"
"2008-05-01,2008-06-01,142,,501,,225,,332,,401,,393,,196,,,,1207,,61,,3458,,111.5,"
"2008-06-01,2008-07-01,139,,479,,220,,324,,381,,380,,188,,,,1212,,61,,3384,,112.8,"
"2008-07-01,2008-08-01,145,,487,,229,,338,,386,,393,,193,,,,1208,,61,,3440,,111.0,"
"2008-08-01,2008-09-01,146,,486,,228,,335,,390,,395,,195,,,,1230,,61,,3466,,111.8,"
"2008-09-01,2008-10-01,141,,471,,219,,331,,377,,383,,188,,,,1196,,61,,3367,,112.2,"
"2008-10-01,2008-11-01,147,,483,,227,,346,,392,,397,,195,,,,1146,,61,,3394,,109.5,"
"2008-11-01,2008-12-01,144,,460,,219,,314,,375,,384,,186,,,,1031,,61,,3174,,105.8,"
"2008-12-01,2009-01-01,148,,467,,222,,334,,375,,395,,189,,,,986,,61,,3177,,102.5,"
"2009-01-01,2009-02-01,142,,455,,219,,356,,360,,376,,186,,,,955,,52,,3101,,100.0,"
"2009-02-01,2009-03-01,123,,386,,196,,330,,318,,330,,169,,,,929,,52,,2833,,101.2,"
"2009-03-01,2009-04-01,139,,415,,219,,371,,329,,360,,186,,,,943,,52,,3014,,97.2,"
"2009-04-01,2009-05-01,135,,396,,207,,359,,302,,334,,181,,,,952,,52,,2918,,97.3,"
"2009-05-01,2009-06-01,141,,403,,211,,374,,308,,342,,187,,,,1044,,52,,3062,,98.8,"
"2009-06-01,2009-07-01,140,,380,,207,,361,,293,,331,,181,,,,1089,,52,,3034,,101.1,"
"2009-07-01,2009-08-01,144,,389,,211,,373,,306,,340,,187,,,,1148,,52,,3150,,101.6,"
"2009-08-01,2009-09-01,144,,387,,212,,377,,306,,341,,188,,,,1213,,52,,3220,,103.9,"
"2009-09-01,2009-10-01,140,,376,,204,,365,,296,,333,,182,,,,1279,,52,,3227,,107.6,"
"2009-10-01,2009-11-01,146,,393,,211,,380,,302,,346,,188,,,,1354,,52,,3372,,108.8,"
"2009-11-01,2009-12-01,141,,382,,202,,368,,295,,337,,184,,,,1387,,52,,3348,,111.6,"
"2009-12-01,2010-01-01,146,,397,,209,,386,,307,,347,,192,,,,1391,,52,,3427,,110.5,"
"2010-01-01,2010-02-01,144,,399,,196,,206,,311,,347,,192,,190,,1452,,61,,3498,,112.8,"
"2010-02-01,2010-03-01,136,,362,,177,,195,,283,,313,,172,,178,,1403,,61,,3280,,117.1,"
"2010-03-01,2010-04-01,144,,403,,195,,220,,316,,357,,191,,219,,1494,,61,,3600,,116.1,"
"2010-04-01,2010-05-01,142,,389,,189,,209,,308,,352,,186,,208,,1492,,61,,3536,,117.9,"
"2010-05-01,2010-06-01,146,,402,,195,,211,,323,,363,,193,,225,,1518,,61,,3637,,117.3,"
"2010-06-01,2010-07-01,142,,388,,189,,200,,309,,352,,187,,231,,1524,,61,,3583,,119.4,"
"2010-07-01,2010-08-01,146,,390,,195,,201,,321,,364,,194,,245,,1517,,61,,3634,,117.2,"
"2010-08-01,2010-09-01,151,,389,,197,,211,,323,,363,,195,,232,,1488,,61,,3610,,116.5,"
"2010-09-01,2010-10-01,145,,381,,190,,206,,318,,352,,189,,226,,1409,,61,,3477,,115.9,"
"2010-10-01,2010-11-01,149,,399,,198,,216,,329,,365,,196,,248,,1391,,61,,3552,,114.6,"
"2010-11-01,2010-12-01,148,,388,,190,,209,,324,,356,,188,,254,,1297,,61,,3415,,113.8,"
"2010-12-01,2011-01-01,149,,399,,194,,216,,335,,369,,194,,268,,1346,,61,,3531,,113.9,"
"2011-01-01,2011-02-01,151,,405,,189,,219,,334,,368,,194,,279,,1478,,48,,3665,,118.2,"
"2011-02-01,2011-03-01,136,,368,,171,,202,,304,,332,,178,,259,,1479,,48,,3477,,124.2,"
"2011-03-01,2011-04-01,150,,416,,187,,222,,340,,370,,192,,287,,1609,,48,,3821,,123.3,"
"2011-04-01,2011-05-01,146,,408,,184,,214,,332,,357,,189,,281,,1639,,48,,3798,,126.6,"
"2011-05-01,2011-06-01,154,,422,,185,,215,,348,,356,,196,,292,,1735,,48,,3951,,127.5,"
"2011-06-01,2011-07-01,148,,411,,179,,205,,336,,345,,191,,284,,1752,,48,,3899,,130.0,"
"2011-07-01,2011-08-01,151,,423,,185,,214,,348,,361,,197,,293,,1783,,48,,4003,,129.1,"
"2011-08-01,2011-09-01,155,,424,,186,,213,,347,,367,,195,,298,,1793,,48,,4026,,129.9,"
"2011-09-01,2011-10-01,149,,415,,184,,202,,333,,359,,189,,293,,1769,,48,,3941,,131.4,"
"2011-10-01,2011-11-01,155,,427,,190,,210,,343,,370,,197,,309,,1685,,48,,3934,,126.9,"
"2011-11-01,2011-12-01,153,,418,,170,,201,,333,,361,,190,,299,,1655,,48,,3828,,127.6,"
"2011-12-01,2012-01-01,157,,432,,175,,216,,329,,373,,198,,309,,1695,,48,,3932,,126.8,"
"2012-01-01,2012-02-01,146,,407,,175,,216,,314,,373,,196,,312,,1837,,65,,4041,,130.4,"
"2012-02-01,2012-03-01,132,,382,,168,,204,,295,,348,,181,,290,,1848,,65,,3913,,134.9,"
"2012-03-01,2012-04-01,127,,408,,179,,219,,314,,371,,190,,310,,1884,,65,,4067,,131.2,"
"2012-04-01,2012-05-01,125,,395,,173,,211,,297,,358,,183,,304,,1841,,65,,3952,,131.7,"
"2012-05-01,2012-06-01,131,,410,,173,,215,,309,,369,,189,,310,,1998,,65,,4169,,134.5,"
"2012-06-01,2012-07-01,128,,397,,167,,206,,297,,355,,183,,297,,1994,,65,,4089,,136.3,"
"2012-07-01,2012-08-01,136,,410,,172,,213,,304,,366,,183,,304,,1990,,65,,4143,,133.6,"
"2012-08-01,2012-09-01,141,,402,,173,,213,,304,,362,,182,,307,,2069,,65,,4218,,136.1,"
"2012-09-01,2012-10-01,134,,393,,167,,204,,290,,350,,170,,299,,1982,,65,,4054,,135.1,"
"2012-10-01,2012-11-01,142,,415,,172,,210,,296,,361,,175,,313,,2037,,65,,4186,,135.0,"
"2012-11-01,2012-12-01,144,,408,,163,,207,,288,,349,,174,,302,,1972,,65,,4072,,135.7,"
"2012-12-01,2013-01-01,153,,424,,170,,217,,297,,361,,180,,314,,2082,,65,,4263,,137.5,"
"2013-01-01,2013-02-01,153,,425,,168,,216,,299,,360,,179,,319,,2151,,90,,4360,,140.6,"
"2013-02-01,2013-03-01,138,,385,,154,,196,,273,,323,,161,,293,,2082,,90,,4095,,146.3,"
"2013-03-01,2013-04-01,147,,428,,169,,217,,306,,357,,178,,328,,2125,,90,,4345,,140.2,"
"2013-04-01,2013-05-01,145,,416,,162,,207,,298,,341,,171,,320,,2085,,90,,4235,,141.2,"
"2013-05-01,2013-06-01,153,,428,,164,,208,,306,,349,,176,,334,,2157,,90,,4365,,140.8,"
"2013-06-01,2013-07-01,151,,413,,153,,197,,298,,335,,175,,327,,2221,,90,,4360,,145.3,"
"2013-07-01,2013-08-01,157,,425,,161,,200,,309,,342,,178,,334,,2229,,90,,4425,,142.7,"
"2013-08-01,2013-09-01,156,,416,,161,,200,,311,,333,,179,,334,,2253,,90,,4433,,143.0,"
"2013-09-01,2013-10-01,150,,394,,152,,196,,300,,315,,174,,326,,2236,,90,,4333,,144.4,"
"2013-10-01,2013-11-01,156,,401,,156,,202,,310,,316,,180,,326,,2341,,90,,4478,,144.5,"
"2013-11-01,2013-12-01,150,,388,,151,,194,,302,,308,,174,,310,,2332,,90,,4399,,146.6,"
"2013-12-01,2014-01-01,156,,399,,155,,206,,304,,316,,179,,336,,2322,,90,,4463,,144.0,"
"2014-01-01,2014-02-01,156,,399,,157,,201,,296,,318,,176,,354,,2311,,150,,4518,,145.7,"
"2014-02-01,2014-03-01,138,,362,,139,,182,,275,,287,,159,,332,,2152,,150,,4176,,149.1,"
"2014-03-01,2014-04-01,151,,400,,152,,201,,302,,319,,177,,388,,2349,,150,,4589,,148.0,"
"2014-04-01,2014-05-01,147,,381,,140,,195,,290,,308,,173,,394,,2243,,150,,4421,,147.4,"
"2014-05-01,2014-06-01,152,,392,,135,,203,,304,,319,,178,,418,,2250,,150,,4501,,145.2,"
"2014-06-01,2014-07-01,143,,372,,117,,193,,297,,309,,174,,412,,2312,,150,,4479,,149.3,"
"2014-07-01,2014-08-01,144,,386,,117,,203,,306,,319,,175,,427,,2340,,150,,4567,,147.3,"
"2014-08-01,2014-09-01,148,,386,,116,,198,,306,,319,,166,,426,,2398,,150,,4613,,148.8,"
"2014-09-01,2014-10-01,142,,372,,111,,194,,298,,310,,160,,413,,2412,,150,,4562,,152.1,"
"2014-10-01,2014-11-01,144,,379,,120,,204,,307,,321,,165,,426,,2463,,150,,4679,,150.9,"
"2014-11-01,2014-12-01,139,,370,,116,,222,,302,,312,,165,,414,,2512,,150,,4702,,156.7,"
"2014-12-01,2015-01-01,142,,386,,123,,233,,313,,323,,167,,428,,2575,,150,,4840,,156.1,"
"2015-01-01,2015-02-01,143,,385,,120,,236,,315,,321,,167,,431,,2583,,150,,4851,,156.5,"
"2015-02-01,2015-03-01,130,,348,,106,,217,,287,,293,,151,,393,,2348,,150,,4423,,158.0,"
"2015-03-01,2015-04-01,141,,384,,120,,242,,316,,324,,168,,437,,2587,,150,,4869,,157.1,"
"2015-04-01,2015-05-01,138,,371,,114,,242,,307,,313,,162,,420,,2581,,150,,4798,,159.9,"
"2015-05-01,2015-06-01,144,,381,,114,,254,,318,,323,,168,,433,,2690,,150,,4975,,160.5,"
"2015-06-01,2015-07-01,140,,365,,104,,244,,310,,313,,163,,420,,2743,,150,,4952,,165.1,"
"2015-07-01,2015-08-01,142,,374,,103,,251,,317,,322,,169,,430,,2711,,150,,4969,,160.3,"
"2015-08-01,2015-09-01,145,,378,,112,,257,,316,,322,,168,,433,,2721,,150,,5002,,161.4,"
"2015-09-01,2015-10-01,140,,366,,104,,256,,308,,315,,163,,419,,2703,,150,,4924,,164.1,"
"2015-10-01,2015-11-01,144,,377,,110,,267,,317,,328,,169,,433,,2662,,150,,4957,,159.9,"
"2015-11-01,2015-12-01,139,,369,,106,,262,,313,,320,,162,,417,,2671,,150,,4909,,163.6,"
"2015-12-01,2016-01-01,141,,371,,112,,273,,321,,335,,168,,438,,2518,,150,,4827,,155.7,"
"2016-01-01,2016-02-01,141,,368,,113,,277,,321,,338,,169,,432,,2565,,150,,4874,,157.2,"
"2016-02-01,2016-03-01,133,,344,,107,,259,,299,,317,,156,,409,,2149,,150,,4323,,149.1,"
"2016-03-01,2016-04-01,141,,329,,115,,273,,321,,338,,167,,435,,2705,,150,,4974,,160.5,"
"2016-04-01,2016-05-01,135,,329,,112,,264,,312,,327,,162,,424,,2651,,150,,4866,,162.2,"
"2016-05-01,2016-06-01,142,,337,,117,,281,,322,,338,,168,,439,,2760,,150,,5054,,163.0,"
"2016-06-01,2016-07-01,139,,324,,107,,282,,307,,326,,164,,422,,2768,,150,,4989,,166.3,"
"2016-07-01,2016-08-01,144,,336,,115,,299,,315,,335,,169,,439,,2744,,150,,5046,,162.8,"
"2016-08-01,2016-09-01,145,,334,,114,,301,,317,,334,,168,,441,,2798,,150,,5102,,164.6,"
"2016-09-01,2016-10-01,141,,325,,112,,293,,310,,325,,164,,431,,2833,,150,,5084,,169.5,"
"2016-10-01,2016-11-01,148,,337,,118,,299,,320,,337,,170,,447,,2811,,150,,5137,,165.7,"
"2016-11-01,2016-12-01,139,,326,,111,,301,,313,,327,,164,,432,,2882,,150,,5145,,171.5,"
"2016-12-01,2017-01-01,143,,338,,120,,313,,322,,339,,150,,446,,2975,,150,,5296,,170.8,"
"2017-01-01,2017-02-01,143,,337,,117,,315,,320,,339,,151,,446,,3260,,150,,5578,,179.9,"
"2017-02-01,2017-03-01,130,,304,,105,,289,,290,,306,,131,,407,,2814,,150,,4926,,175.9,"
"2017-03-01,2017-04-01,142,,337,,118,,336,,320,,338,,148,,454,,3017,,150,,5360,,172.9,"
"2017-04-01,2017-05-01,138,,326,,116,,318,,312,,327,,142,,418,,3066,,150,,5313,,177.1,"
"2017-05-01,2017-06-01,141,,335,,120,,319,,321,,338,,144,,429,,3135,,150,,5432,,175.2,"
"2017-06-01,2017-07-01,140,,323,,114,,311,,310,,327,,149,,426,,3231,,150,,5481,,182.7,"
"2017-07-01,2017-08-01,142,,334,,119,,324,,320,,339,,156,,445,,2996,,150,,5325,,171.8,"
"2017-08-01,2017-09-01,143,,336,,118,,337,,320,,339,,160,,423,,2950,,150,,5276,,170.2,"
"2017-09-01,2017-10-01,138,,324,,111,,342,,310,,329,,157,,404,,2906,,150,,5171,,172.4,"
"2017-10-01,2017-11-01,142,,335,,119,,352,,320,,342,,161,,428,,2856,,150,,5205,,167.9,"
"2017-11-01,2017-12-01,139,,322,,110,,345,,311,,332,,155,,424,,2650,,150,,4938,,164.6,"
"2017-12-01,2018-01-01,141,,337,,111,,363,,322,,343,,163,,445,,3024,,150,,5399,,174.2,"
"2018-01-01,2018-02-01,138,,322,,110,,369,,321,,344,,162,,452,,2993,,139,,5350,,172.6,"
"2018-02-01,2018-03-01,128,,285,,103,,338,,282,,311,,146,,414,,2750,,125,,4882,,174.4,"
"2018-03-01,2018-04-01,143,,319,,112,,377,,310,,345,,162,,462,,3042,,139,,5411,,174.5,"
"2018-04-01,2018-05-01,138,,311,,103,,355,,303,,334,,156,,443,,3007,,133,,5283,,176.1,"
"2018-05-01,2018-06-01,134,,321,,94,,372,,315,,345,,163,,452,,3090,,139,,5425,,175.0,"
"2018-06-01,2018-07-01,140,,303,,88,,368,,310,,333,,155,,437,,3050,,133,,5317,,177.2,"
"2018-07-01,2018-08-01,144,,313,,96,,376,,321,,343,,166,,451,,3115,,139,,5464,,176.3,"
"2018-08-01,2018-09-01,144,,320,,95,,377,,321,,343,,163,,454,,3120,,139,,5476,,176.6,"
"2018-09-01,2018-10-01,138,,310,,89,,364,,312,,332,,159,,437,,3010,,133,,5284,,176.1,"
"2018-10-01,2018-11-01,143,,323,,93,,377,,321,,343,,164,,450,,3126,,139,,5479,,176.7,"
"2018-11-01,2018-12-01,137,,318,,89,,361,,310,,332,,156,,432,,3042,,133,,5310,,177.0,"
"2018-12-01,2019-01-01,141,,329,,92,,381,,307,,344,,165,,447,,3140,,139,,5485,,176.9,"
"2019-01-01,2019-02-01,140,,326,,82,,373,,306,,345,,161,,461,,3076,,150,,5420,,174.8,"
"2019-02-01,2019-03-01,127,,296,,82,,345,,274,,314,,147,,416,,2776,,134,,4911,,175.4,"
"2019-03-01,2019-04-01,144,,325,,89,,378,,296,,349,,162,,464,,3038,,150,,5395,,174.0,"
"2019-04-01,2019-05-01,135,,318,,81,,363,,286,,339,,158,,452,,2958,,144,,5234,,174.5,"
"2019-05-01,2019-06-01,142,,326,,86,,374,,293,,353,,164,,467,,3055,,150,,5410,,174.5,"
"2019-06-01,2019-07-01,135,,314,,85,,360,,284,,343,,159,,458,,2973,,144,,5255,,175.2,"
"2019-07-01,2019-08-01,137,,322,,93,,372,,286,,356,,162,,480,,3060,,150,,5418,,174.8,"
"2019-08-01,2019-09-01,139,,321,,95,,374,,286,,356,,165,,494,,2974,,150,,5354,,172.7,"
"2019-09-01,2019-10-01,134,,310,,94,,361,,276,,344,,158,,478,,2917,,144,,5216,,173.9,"
"2019-10-01,2019-11-01,138,,316,,101,,370,,286,,356,,162,,495,,2976,,150,,5350,,172.6,"
"2019-11-01,2019-12-01,133,,311,,95,,357,,282,,345,,157,,483,,2948,,144,,5255,,175.2,"
"2019-12-01,2020-01-01,139,,324,,96,,368,,294,,357,,161,,506,,3044,,150,,5439,,175.5,"
"2020-01-01,2020-02-01,136,,330,,98,,353,,284,,356,,160,,498,,3087,,172,,5474,,176.6,"
"2020-02-01,2020-03-01,127,,314,,90,,336,,263,,331,,151,,473,,2900,,161,,5146,,177.4,"
"2020-03-01,2020-04-01,139,,342,,91,,347,,287,,354,,160,,499,,3065,,172,,5456,,176.0,"
"2020-04-01,2020-05-01,133,,333,,71,,333,,277,,342,,155,,481,,2993,,166,,5284,,176.1,"
"2020-05-01,2020-06-01,139,,346,,73,,342,,284,,351,,162,,495,,3068,,172,,5432,,175.2,"
"2020-06-01,2020-07-01,130,,330,,73,,337,,274,,340,,158,,474,,3028,,166,,5310,,177.0,"
"2020-07-01,2020-08-01,135,,333,,78,,343,,281,,349,,163,,490,,3121,,172,,5465,,176.3,"
"2020-08-01,2020-09-01,135,,331,,84,,349,,280,,349,,162,,484,,3179,,172,,5525,,178.2,"
"2020-09-01,2020-10-01,131,,317,,83,,341,,270,,338,,158,,469,,3139,,166,,5412,,180.4,"
"2020-10-01,2020-11-01,136,,334,,87,,350,,280,,351,,163,,494,,3250,,172,,5617,,181.2,"
"2020-11-01,2020-12-01,129,,328,,86,,344,,272,,340,,157,,479,,3207,,166,,5508,,183.6,"
"2020-12-01,2021-01-01,135,,338,,92,,365,,282,,352,,163,,497,,3300,,172,,5696,,183.7,"
"2021-01-01,2021-02-01,133,,340,,95,,376,,285,,353,,161,,492,,3363,,160,,5758,,185.7,"
"2021-02-01,2021-03-01,121,,308,,86,,339,,259,,319,,146,,453,,3048,,142,,5221,,186.5,"
"2021-03-01,2021-04-01,131,,338,,98,,378,,288,,353,,162,,496,,3364,,160,,5768,,186.1,"
"2021-04-01,2021-05-01,130,,327,,95,,366,,281,,341,,158,,477,,3257,,154,,5586,,186.2,"
"2021-05-01,2021-06-01,136,,339,,99,,379,,292,,351,,160,,497,,3355,,160,,5768,,186.1,"
"2021-06-01,2021-07-01,130,,328,,96,,370,,270,,340,,153,,474,,3215,,154,,5530,,184.3,"
"2021-07-01,2021-08-01,135,,333,,98,,384,,279,,350,,159,,493,,3327,,160,,5718,,184.5,"
"2021-08-01,2021-09-01,136,,315,,101,,385,,279,,350,,159,,501,,3289,,160,,5675,,183.1,"
"2021-09-01,2021-10-01,132,,304,,96,,372,,271,,340,,156,,492,,3151,,154,,5468,,182.3,"
"2021-10-01,2021-11-01,137,,318,,100,,387,,279,,352,,160,,510,,3270,,160,,5673,,183.0,"
"2021-11-01,2021-12-01,131,,308,,98,,373,,268,,339,,154,,492,,3089,,154,,5406,,180.2,"
"2021-12-01,2022-01-01,138,,322,,101,,390,,278,,351,,160,,512,,3109,,160,,5521,,178.1,"
"2022-01-01,2022-02-01,137,,321,,102,,392,,262,,349,,159,,514,,3252,,209,,5697,,183.8,"
"2022-02-01,2022-03-01,123,,291,,91,,355,,230,,314,,145,,464,,2980,,188,,5181,,185.0,"
"2022-03-01,2022-04-01,137,,325,,95,,390,,253,,350,,159,,517,,3358,,209,,5793,,186.9,"
"2022-04-01,2022-05-01,131,,315,,94,,377,,244,,333,,148,,500,,3313,,201,,5656,,188.5,"
"2022-05-01,2022-06-01,139,,325,,101,,387,,250,,345,,151,,516,,3444,,209,,5867,,189.3,"
"2022-06-01,2022-07-01,135,,312,,103,,372,,243,,338,,148,,498,,3348,,201,,5698,,189.9,"
"2022-07-01,2022-08-01,138,,306,,111,,382,,252,,350,,153,,518,,3519,,209,,5938,,191.5,"
"2022-08-01,2022-09-01,140,,305,*,116,,391,,250,,350,,154,,514,,3521,,209,,5950,,191.9,"
"2022-09-01,2022-10-01,135,,301,,115,,380,,237,,332,,151,,501,,3363,,201,,5716,,190.5,"
"2022-10-01,2022-11-01,139,,313,,120,,394,,236,,344,,160,,511,,3460,,209,,5886,,189.9,"
"2022-11-01,2022-12-01,126,,308,,118,,380,,224,,333,,155,,500,,3392,,201,,5737,,191.2,"
"2022-12-01,2023-01-01,140,,321,,122,,391,,232,,343,,160,,521,,3480,,209,,5919,,190.9,"
"2023-01-01,2023-02-01,138,,321,,123,,390,,230,,344,,161,,517,,3464,,209,,5897,,190.2,"
"2023-02-01,2023-03-01,123,,292,,111,,359,,209,,310,,144,,474,,3120,,188,,5330,,190.4,"
"2023-03-01,2023-04-01,131,,325,,122,,398,,230,,343,,158,,519,,3424,,209,,5859,,189.0,"
"2023-04-01,2023-05-01,129,,320,,118,,385,,224,,329,,153,,503,,3351,,201,,5713,,190.4,"
"2023-05-01,2023-06-01,136,,329,,122,,397,,229,,340,,160,,521,,3479,,209,,5922,,191.0,"
"2023-06-01,2023-07-01,131,,321,,121,,385,,223,,327,,153,,503,,3378,,201,,5743,,191.4,"
"2023-07-01,2023-08-01,136,,330,,124,,395,,230,,337,,159,,519,,3601,,209,,6040,,194.8,"
"2023-08-01,2023-09-01,135,,332,,125,,398,,230,,338,,160,,520,*,3642,*,209,,6089,*,196.4,*"
"2023-09-01,2023-10-01,133,,322,,124,,386,,223,,327,,155,,503,*,3536,*,201,,5910,*,197.0,*"
"2023-10-01,2023-11-01,139,,336,,127,,401,,230,,344,,162,,518,,3654,*,209,,6120,*,197.4,*"
"2023-11-01,2023-12-01,132,,329,,123,,389,,224,,332,,157,,506,,3500,,201,,5893,,196.4,"
