Date,Price,Open,High,Low,Vol.,Change %
2019-01-04,41056.0,41056.0,41056.0,41056.0,,241.0
2019-01-05,37467.0,37467.0,37467.0,37467.0,,267.0
2019-01-06,39261.5,39261.5,39261.5,39261.5,,254.0
2019-01-07,35033.0,35033.0,35033.0,35033.0,,278.0
2019-01-08,31000.0,31000.0,31000.0,31000.0,,78.0
2019-01-09,36139.0,36139.0,36139.0,36139.0,,216.0
2019-01-10,29050.0,29050.0,29050.0,29050.0,,148.0
2019-01-11,28500.0,28500.0,28500.0,28500.0,,112.0
2019-01-12,30895.75,30895.75,30895.75,30895.75,,154.0
2019-01-13,30895.75,30895.75,30895.75,30895.75,,154.0
2019-01-14,29516.666666666668,29516.666666666668,29516.666666666668,29516.666666666668,,112.66666666666667
2019-01-15,28775.0,28775.0,28775.0,28775.0,,130.0
2019-01-16,28775.0,28775.0,28775.0,28775.0,,130.0
2019-01-17,28500.0,28500.0,28500.0,28500.0,,112.0
2019-01-18,,,,,,
2019-01-19,,,,,,
2019-01-20,,,,,,
2019-01-21,,,,,,
2019-01-22,,,,,,
2019-01-23,,,,,,
2019-01-24,,,,,,
2019-01-25,,,,,,
2019-01-26,,,,,,
2019-01-27,,,,,,
2019-01-28,,,,,,
2019-01-29,,,,,,
2019-01-30,,,,,,
2019-01-31,,,,,,
2019-02-01,,,,,,
2019-02-02,,,,,,
2019-02-03,,,,,,
2019-02-04,41280.0,41280.0,41280.0,41280.0,,55.0
2019-02-05,36400.0,36400.0,36400.0,36400.0,,285.0
2019-02-06,38840.0,38840.0,38840.0,38840.0,,170.0
2019-02-07,33600.0,33600.0,33600.0,33600.0,,409.0
2019-02-08,30800.0,30800.0,30800.0,30800.0,,65.0
2019-02-09,29900.0,29900.0,29900.0,29900.0,,14.0
2019-02-10,29025.0,29025.0,29025.0,29025.0,,9.0
2019-02-11,31945.0,31945.0,31945.0,31945.0,,156.4
2019-02-12,27900.0,27900.0,27900.0,27900.0,,17.0
2019-02-13,30245.0,30245.0,30245.0,30245.0,,102.8
2019-02-14,29406.25,29406.25,29406.25,29406.25,,26.25
2019-02-15,28941.666666666668,28941.666666666668,28941.666666666668,28941.666666666668,,13.333333333333334
2019-02-16,28462.5,28462.5,28462.5,28462.5,,13.0
2019-02-17,27900.0,27900.0,27900.0,27900.0,,17.0
2019-02-18,27900.0,27900.0,27900.0,27900.0,,17.0
2019-02-19,,,,,,
2019-02-20,,,,,,
2019-02-21,,,,,,
2019-02-22,,,,,,
2019-02-23,,,,,,
2019-02-24,,,,,,
2019-02-25,,,,,,
2019-02-26,,,,,,
2019-02-27,,,,,,
2019-02-28,,,,,,
2019-03-01,,,,,,
2019-03-02,,,,,,
2019-03-03,,,,,,
2019-03-04,41280.0,41280.0,41280.0,41280.0,,0.0
2019-03-05,35400.0,35400.0,35400.0,35400.0,,275.0
2019-03-06,38392.0,38392.0,38392.0,38392.0,,737.0
2019-03-07,32200.0,32200.0,32200.0,32200.0,,417.0
2019-03-08,36818.0,36818.0,36818.0,36818.0,,357.25
2019-03-09,29900.0,29900.0,29900.0,29900.0,,0.0
2019-03-10,29025.0,29025.0,29025.0,29025.0,,0.0
2019-03-11,32983.4,32983.4,32983.4,32983.4,,285.8
2019-03-12,27900.0,27900.0,27900.0,27900.0,,0.0
2019-03-13,39083.0,39083.0,39083.0,39083.0,,0.0
2019-03-14,39163.0,39163.0,39163.0,39163.0,,20.0
2019-03-15,39163.0,39163.0,39163.0,39163.0,,0.0
2019-03-16,34866.8,34866.8,34866.8,34866.8,,4.0
2019-03-17,36327.25,36327.25,36327.25,36327.25,,5.0
2019-03-18,39833.0,39833.0,39833.0,39833.0,,171.0
2019-03-19,39833.0,39833.0,39833.0,39833.0,,0.0
2019-03-20,39833.0,39833.0,39833.0,39833.0,,0.0
2019-03-21,40000.0,40000.0,40000.0,40000.0,,42.0
2019-03-22,40000.0,40000.0,40000.0,40000.0,,0.0
2019-03-23,39899.8,39899.8,39899.8,39899.8,,42.6
2019-03-24,39899.8,39899.8,39899.8,39899.8,,42.6
2019-03-25,40000.0,40000.0,40000.0,40000.0,,0.0
2019-03-26,40000.0,40000.0,40000.0,40000.0,,0.0
2019-03-27,40000.0,40000.0,40000.0,40000.0,,0.0
2019-03-28,39800.0,39800.0,39800.0,39800.0,,50.0
2019-03-29,40089.0,40089.0,40089.0,40089.0,,73.0
2019-03-30,39977.8,39977.8,39977.8,39977.8,,24.6
2019-03-31,39977.8,39977.8,39977.8,39977.8,,24.6
2019-04-01,39972.25,39972.25,39972.25,39972.25,,30.75
2019-04-02,39963.0,39963.0,39963.0,39963.0,,41.0
2019-04-03,39944.5,39944.5,39944.5,39944.5,,61.5
2019-04-04,41280.0,41280.0,41280.0,41280.0,,0.0
2019-04-05,41280.0,41280.0,41280.0,41280.0,,0.0
2019-04-06,38392.0,38392.0,38392.0,38392.0,,0.0
2019-04-07,32200.0,32200.0,32200.0,32200.0,,0.0
2019-04-08,37290.666666666664,37290.666666666664,37290.666666666664,37290.666666666664,,0.0
2019-04-09,29900.0,29900.0,29900.0,29900.0,,0.0
2019-04-10,29025.0,29025.0,29025.0,29025.0,,0.0
2019-04-11,28500.0,28500.0,28500.0,28500.0,,0.0
2019-04-12,27900.0,27900.0,27900.0,27900.0,,0.0
2019-04-13,29505.0,29505.0,29505.0,29505.0,,0.0
2019-04-14,28831.25,28831.25,28831.25,28831.25,,0.0
2019-04-15,40405.0,40405.0,40405.0,40405.0,,121.0
2019-04-16,39283.0,39283.0,39283.0,39283.0,,278.0
2019-04-17,39275.0,39275.0,39275.0,39275.0,,2.0
2019-04-18,39275.0,39275.0,39275.0,39275.0,,0.0
2019-04-19,39559.5,39559.5,39559.5,39559.5,,100.25
2019-04-20,39559.5,39559.5,39559.5,39559.5,,100.25
2019-04-21,39559.5,39559.5,39559.5,39559.5,,100.25
2019-04-22,39277.666666666664,39277.666666666664,39277.666666666664,39277.666666666664,,93.33333333333333
2019-04-23,39275.0,39275.0,39275.0,39275.0,,0.0
2019-04-24,39200.0,39200.0,39200.0,39200.0,,19.0
2019-04-25,39000.0,39000.0,39000.0,39000.0,,51.0
2019-04-26,38825.0,38825.0,38825.0,38825.0,,45.0
2019-04-27,39075.0,39075.0,39075.0,39075.0,,28.75
2019-04-28,39075.0,39075.0,39075.0,39075.0,,28.75
2019-04-29,38600.0,38600.0,38600.0,38600.0,,58.0
2019-04-30,38495.0,38495.0,38495.0,38495.0,,27.0
2019-05-01,38730.0,38730.0,38730.0,38730.0,,45.25
2019-05-02,38640.0,38640.0,38640.0,38640.0,,43.333333333333336
2019-05-03,38547.5,38547.5,38547.5,38547.5,,42.5
2019-05-04,41500.0,41500.0,41500.0,41500.0,,53.0
2019-05-05,39531.666666666664,39531.666666666664,39531.666666666664,39531.666666666664,,46.0
2019-05-06,38392.0,38392.0,38392.0,38392.0,,0.0
2019-05-07,32200.0,32200.0,32200.0,32200.0,,0.0
2019-05-08,30800.0,30800.0,30800.0,30800.0,,0.0
2019-05-09,29900.0,29900.0,29900.0,29900.0,,0.0
2019-05-10,34558.4,34558.4,34558.4,34558.4,,10.6
2019-05-11,28500.0,28500.0,28500.0,28500.0,,0.0
2019-05-12,27900.0,27900.0,27900.0,27900.0,,0.0
2019-05-13,35000.0,35000.0,35000.0,35000.0,,0.0
2019-05-14,35000.0,35000.0,35000.0,35000.0,,0.0
2019-05-15,35000.0,35000.0,35000.0,35000.0,,0.0
2019-05-16,35000.0,35000.0,35000.0,35000.0,,0.0
2019-05-17,35050.0,35050.0,35050.0,35050.0,,14.0
2019-05-18,33825.0,33825.0,33825.0,33825.0,,2.3333333333333335
2019-05-19,35010.0,35010.0,35010.0,35010.0,,2.8
2019-05-20,35100.0,35100.0,35100.0,35100.0,,14.0
2019-05-21,35150.0,35150.0,35150.0,35150.0,,14.0
2019-05-22,35200.0,35200.0,35200.0,35200.0,,14.0
2019-05-23,35625.0,35625.0,35625.0,35625.0,,121.0
2019-05-24,35675.0,35675.0,35675.0,35675.0,,14.0
2019-05-25,35350.0,35350.0,35350.0,35350.0,,35.4
2019-05-26,35350.0,35350.0,35350.0,35350.0,,35.4
2019-05-27,35412.5,35412.5,35412.5,35412.5,,40.75
2019-05-28,35817.0,35817.0,35817.0,35817.0,,40.0
2019-05-29,35817.0,35817.0,35817.0,35817.0,,0.0
2019-05-30,35817.0,35817.0,35817.0,35817.0,,0.0
2019-05-31,35758.0,35758.0,35758.0,35758.0,,16.0
2019-06-01,35802.25,35802.25,35802.25,35802.25,,14.0
2019-06-02,35802.25,35802.25,35802.25,35802.25,,14.0
2019-06-03,35802.25,35802.25,35802.25,35802.25,,14.0
2019-06-04,35797.333333333336,35797.333333333336,35797.333333333336,35797.333333333336,,5.333333333333333
2019-06-05,35787.5,35787.5,35787.5,35787.5,,8.0
2019-06-06,37300.0,37300.0,37300.0,37300.0,,284.0
2019-06-07,37300.0,37300.0,37300.0,37300.0,,284.0
2019-06-08,30600.0,30600.0,30600.0,30600.0,,65.0
2019-06-09,29900.0,29900.0,29900.0,29900.0,,0.0
2019-06-10,32600.0,32600.0,32600.0,32600.0,,116.33333333333333
2019-06-11,28500.0,28500.0,28500.0,28500.0,,0.0
2019-06-12,27900.0,27900.0,27900.0,27900.0,,0.0
2019-06-13,35100.0,35100.0,35100.0,35100.0,,227.0
2019-06-14,35100.0,35100.0,35100.0,35100.0,,0.0
2019-06-15,31300.0,31300.0,31300.0,31300.0,,45.4
2019-06-16,31650.0,31650.0,31650.0,31650.0,,56.75
2019-06-17,35100.0,35100.0,35100.0,35100.0,,0.0
2019-06-18,35100.0,35100.0,35100.0,35100.0,,0.0
2019-06-19,35100.0,35100.0,35100.0,35100.0,,0.0
2019-06-20,34550.0,34550.0,34550.0,34550.0,,157.0
2019-06-21,34550.0,34550.0,34550.0,34550.0,,0.0
2019-06-22,34880.0,34880.0,34880.0,34880.0,,31.4
2019-06-23,34880.0,34880.0,34880.0,34880.0,,31.4
2019-06-24,34400.0,34400.0,34400.0,34400.0,,43.0
2019-06-25,34250.0,34250.0,34250.0,34250.0,,44.0
2019-06-26,34250.0,34250.0,34250.0,34250.0,,0.0
2019-06-27,34100.0,34100.0,34100.0,34100.0,,44.0
2019-06-28,34086.0,34086.0,34086.0,34086.0,,4.0
2019-06-29,34217.2,34217.2,34217.2,34217.2,,27.0
2019-06-30,34217.2,34217.2,34217.2,34217.2,,27.0
2019-07-01,34171.5,34171.5,34171.5,34171.5,,23.0
2019-07-02,34145.333333333336,34145.333333333336,34145.333333333336,34145.333333333336,,16.0
2019-07-03,34093.0,34093.0,34093.0,34093.0,,24.0
2019-07-04,34086.0,34086.0,34086.0,34086.0,,4.0
2019-07-05,35000.0,35000.0,35000.0,35000.0,,113.0
2019-07-06,36300.0,36300.0,36300.0,36300.0,,268.0
2019-07-07,35650.0,35650.0,35650.0,35650.0,,190.5
2019-07-08,30600.0,30600.0,30600.0,30600.0,,0.0
2019-07-09,33966.666666666664,33966.666666666664,33966.666666666664,33966.666666666664,,127.0
2019-07-10,28800.0,28800.0,28800.0,28800.0,,78.0
2019-07-11,28500.0,28500.0,28500.0,28500.0,,0.0
2019-07-12,31050.0,31050.0,31050.0,31050.0,,86.5
2019-07-13,29300.0,29300.0,29300.0,29300.0,,26.0
2019-07-14,29300.0,29300.0,29300.0,29300.0,,26.0
2019-07-15,31400.0,31400.0,31400.0,31400.0,,32.0
2019-07-16,31400.0,31400.0,31400.0,31400.0,,0.0
2019-07-17,31300.0,31300.0,31300.0,31300.0,,32.0
2019-07-18,31100.0,31100.0,31100.0,31100.0,,64.0
2019-07-19,31100.0,31100.0,31100.0,31100.0,,0.0
2019-07-20,31260.0,31260.0,31260.0,31260.0,,25.6
2019-07-21,31260.0,31260.0,31260.0,31260.0,,25.6
2019-07-22,31000.0,31000.0,31000.0,31000.0,,32.0
2019-07-23,31000.0,31000.0,31000.0,31000.0,,0.0
2019-07-24,31000.0,31000.0,31000.0,31000.0,,0.0
2019-07-25,30800.0,30800.0,30800.0,30800.0,,65.0
2019-07-26,30800.0,30800.0,30800.0,30800.0,,0.0
2019-07-27,30920.0,30920.0,30920.0,30920.0,,19.4
2019-07-28,30920.0,30920.0,30920.0,30920.0,,19.4
2019-07-29,30700.0,30700.0,30700.0,30700.0,,32.0
2019-07-30,30700.0,30700.0,30700.0,30700.0,,0.0
2019-07-31,30759.0,30759.0,30759.0,30759.0,,19.0
2019-08-01,30739.75,30739.75,30739.75,30739.75,,12.75
2019-08-02,30719.666666666668,30719.666666666668,30719.666666666668,30719.666666666668,,17.0
2019-08-03,30719.666666666668,30719.666666666668,30719.666666666668,30719.666666666668,,17.0
2019-08-04,41500.0,41500.0,41500.0,41500.0,,0.0
2019-08-05,35000.0,35000.0,35000.0,35000.0,,0.0
2019-08-06,35753.0,35753.0,35753.0,35753.0,,6.333333333333333
2019-08-07,32100.0,32100.0,32100.0,32100.0,,31.0
2019-08-08,30400.0,30400.0,30400.0,30400.0,,65.0
2019-08-09,34750.0,34750.0,34750.0,34750.0,,24.0
2019-08-10,28800.0,28800.0,28800.0,28800.0,,0.0
2019-08-11,28500.0,28500.0,28500.0,28500.0,,0.0
2019-08-12,29950.0,29950.0,29950.0,29950.0,,24.0
2019-08-13,30000.0,30000.0,30000.0,30000.0,,0.0
2019-08-14,30000.0,30000.0,30000.0,30000.0,,0.0
2019-08-15,30000.0,30000.0,30000.0,30000.0,,0.0
2019-08-16,30000.0,30000.0,30000.0,30000.0,,0.0
2019-08-17,29700.0,29700.0,29700.0,29700.0,,0.0
2019-08-18,30000.0,30000.0,30000.0,30000.0,,0.0
2019-08-19,30000.0,30000.0,30000.0,30000.0,,0.0
2019-08-20,30000.0,30000.0,30000.0,30000.0,,0.0
2019-08-21,30000.0,30000.0,30000.0,30000.0,,0.0
2019-08-22,29900.0,29900.0,29900.0,29900.0,,33.0
2019-08-23,29900.0,29900.0,29900.0,29900.0,,0.0
2019-08-24,29960.0,29960.0,29960.0,29960.0,,6.6
2019-08-25,29960.0,29960.0,29960.0,29960.0,,6.6
2019-08-26,29950.0,29950.0,29950.0,29950.0,,8.25
2019-08-27,29900.0,29900.0,29900.0,29900.0,,0.0
2019-08-28,29900.0,29900.0,29900.0,29900.0,,0.0
2019-08-29,29900.0,29900.0,29900.0,29900.0,,0.0
2019-08-30,29857.0,29857.0,29857.0,29857.0,,14.0
2019-08-31,29889.25,29889.25,29889.25,29889.25,,3.5
2019-09-01,29889.25,29889.25,29889.25,29889.25,,3.5
2019-09-02,29889.25,29889.25,29889.25,29889.25,,3.5
2019-09-03,29885.666666666668,29885.666666666668,29885.666666666668,29885.666666666668,,4.666666666666667
2019-09-04,41500.0,41500.0,41500.0,41500.0,,0.0
2019-09-05,35000.0,35000.0,35000.0,35000.0,,0.0
2019-09-06,38250.0,38250.0,38250.0,38250.0,,0.0
2019-09-07,32000.0,32000.0,32000.0,32000.0,,31.0
2019-09-08,30200.0,30200.0,30200.0,30200.0,,66.0
2019-09-09,29800.0,29800.0,29800.0,29800.0,,33.0
2019-09-10,28800.0,28800.0,28800.0,28800.0,,0.0
2019-09-11,31160.0,31160.0,31160.0,31160.0,,26.0
2019-09-12,27900.0,27900.0,27900.0,27900.0,,0.0
2019-09-13,29700.0,29700.0,29700.0,29700.0,,0.0
2019-09-14,29280.0,29280.0,29280.0,29280.0,,19.8
2019-09-15,29050.0,29050.0,29050.0,29050.0,,8.25
2019-09-16,29700.0,29700.0,29700.0,29700.0,,0.0
2019-09-17,29650.0,29650.0,29650.0,29650.0,,17.0
2019-09-18,29650.0,29650.0,29650.0,29650.0,,0.0
2019-09-19,29650.0,29650.0,29650.0,29650.0,,0.0
2019-09-20,29650.0,29650.0,29650.0,29650.0,,0.0
2019-09-21,29660.0,29660.0,29660.0,29660.0,,3.4
2019-09-22,29660.0,29660.0,29660.0,29660.0,,3.4
2019-09-23,29650.0,29650.0,29650.0,29650.0,,0.0
2019-09-24,29600.0,29600.0,29600.0,29600.0,,17.0
2019-09-25,29600.0,29600.0,29600.0,29600.0,,0.0
2019-09-26,29600.0,29600.0,29600.0,29600.0,,0.0
2019-09-27,29500.0,29500.0,29500.0,29500.0,,34.0
2019-09-28,29590.0,29590.0,29590.0,29590.0,,10.2
2019-09-29,29590.0,29590.0,29590.0,29590.0,,10.2
2019-09-30,29487.0,29487.0,29487.0,29487.0,,4.0
2019-10-01,29546.75,29546.75,29546.75,29546.75,,9.5
2019-10-02,29529.0,29529.0,29529.0,29529.0,,12.666666666666666
2019-10-03,29493.5,29493.5,29493.5,29493.5,,19.0
2019-10-04,41500.0,41500.0,41500.0,41500.0,,0.0
2019-10-05,35000.0,35000.0,35000.0,35000.0,,0.0
2019-10-06,36250.0,36250.0,36250.0,36250.0,,14.0
2019-10-07,31900.0,31900.0,31900.0,31900.0,,31.0
2019-10-08,36162.5,36162.5,36162.5,36162.5,,11.25
2019-10-09,29800.0,29800.0,29800.0,29800.0,,0.0
2019-10-10,28500.0,28500.0,28500.0,28500.0,,104.0
2019-10-11,32290.0,32290.0,32290.0,32290.0,,29.8
2019-10-12,27900.0,27900.0,27900.0,27900.0,,0.0
2019-10-13,29525.0,29525.0,29525.0,29525.0,,33.75
2019-10-14,28500.0,28500.0,28500.0,28500.0,,0.0
2019-10-15,28500.0,28500.0,28500.0,28500.0,,0.0
2019-10-16,28400.0,28400.0,28400.0,28400.0,,35.0
2019-10-17,28300.0,28300.0,28300.0,28300.0,,35.0
2019-10-18,28300.0,28300.0,28300.0,28300.0,,0.0
2019-10-19,28400.0,28400.0,28400.0,28400.0,,14.0
2019-10-20,28400.0,28400.0,28400.0,28400.0,,14.0
2019-10-21,28400.0,28400.0,28400.0,28400.0,,35.0
2019-10-22,28200.0,28200.0,28200.0,28200.0,,70.0
2019-10-23,28200.0,28200.0,28200.0,28200.0,,0.0
2019-10-24,28200.0,28200.0,28200.0,28200.0,,0.0
2019-10-25,28200.0,28200.0,28200.0,28200.0,,0.0
2019-10-26,28240.0,28240.0,28240.0,28240.0,,21.0
2019-10-27,28240.0,28240.0,28240.0,28240.0,,21.0
2019-10-28,28200.0,28200.0,28200.0,28200.0,,0.0
2019-10-29,28200.0,28200.0,28200.0,28200.0,,0.0
2019-10-30,28150.0,28150.0,28150.0,28150.0,,18.0
2019-10-31,28184.0,28184.0,28184.0,28184.0,,12.0
2019-11-01,28183.5,28183.5,28183.5,28183.5,,7.5
2019-11-02,28183.5,28183.5,28183.5,28183.5,,7.5
2019-11-03,28183.5,28183.5,28183.5,28183.5,,7.5
2019-11-04,41200.0,41200.0,41200.0,41200.0,,72.0
2019-11-05,32511.333333333332,32511.333333333332,32511.333333333332,32511.333333333332,,34.0
2019-11-06,35917.0,35917.0,35917.0,35917.0,,92.0
2019-11-07,31600.0,31600.0,31600.0,31600.0,,94.0
2019-11-08,36239.0,36239.0,36239.0,36239.0,,86.0
2019-11-09,29700.0,29700.0,29700.0,29700.0,,34.0
2019-11-10,28500.0,28500.0,28500.0,28500.0,,0.0
2019-11-11,28400.0,28400.0,28400.0,28400.0,,35.0
2019-11-12,27900.0,27900.0,27900.0,27900.0,,0.0
2019-11-13,28400.0,28400.0,28400.0,28400.0,,0.0
2019-11-14,28300.0,28300.0,28300.0,28300.0,,35.0
2019-11-15,28300.0,28300.0,28300.0,28300.0,,0.0
2019-11-16,28300.0,28300.0,28300.0,28300.0,,11.666666666666666
2019-11-17,28260.0,28260.0,28260.0,28260.0,,14.0
2019-11-18,28300.0,28300.0,28300.0,28300.0,,0.0
2019-11-19,28300.0,28300.0,28300.0,28300.0,,0.0
2019-11-20,28300.0,28300.0,28300.0,28300.0,,0.0
2019-11-21,28200.0,28200.0,28200.0,28200.0,,35.0
2019-11-22,28200.0,28200.0,28200.0,28200.0,,0.0
2019-11-23,28260.0,28260.0,28260.0,28260.0,,7.0
2019-11-24,28260.0,28260.0,28260.0,28260.0,,7.0
2019-11-25,28100.0,28100.0,28100.0,28100.0,,35.0
2019-11-26,28050.0,28050.0,28050.0,28050.0,,18.0
2019-11-27,28000.0,28000.0,28000.0,28000.0,,18.0
2019-11-28,28000.0,28000.0,28000.0,28000.0,,0.0
2019-11-29,27947.0,27947.0,27947.0,27947.0,,19.0
2019-11-30,28019.4,28019.4,28019.4,28019.4,,18.0
2019-12-01,28019.4,28019.4,28019.4,28019.4,,18.0
2019-12-02,27999.25,27999.25,27999.25,27999.25,,13.75
2019-12-03,39083.0,39083.0,39083.0,39083.0,,12.0
2019-12-04,40900.0,40900.0,40900.0,40900.0,,73.0
2019-12-05,35976.666666666664,35976.666666666664,35976.666666666664,35976.666666666664,,34.666666666666664
2019-12-06,35917.0,35917.0,35917.0,35917.0,,0.0
2019-12-07,31500.0,31500.0,31500.0,31500.0,,32.0
2019-12-08,30000.0,30000.0,30000.0,30000.0,,66.0
2019-12-09,29700.0,29700.0,29700.0,29700.0,,0.0
2019-12-10,33603.4,33603.4,33603.4,33603.4,,34.2
2019-12-11,28400.0,28400.0,28400.0,28400.0,,0.0
2019-12-12,27900.0,27900.0,27900.0,27900.0,,0.0
2019-12-13,27900.0,27900.0,27900.0,27900.0,,0.0
2019-12-14,28780.0,28780.0,28780.0,28780.0,,13.2
2019-12-15,28475.0,28475.0,28475.0,28475.0,,0.0
2019-12-16,27900.0,27900.0,27900.0,27900.0,,0.0
2019-12-17,27900.0,27900.0,27900.0,27900.0,,0.0
2019-12-18,27900.0,27900.0,27900.0,27900.0,,0.0
2019-12-19,27900.0,27900.0,27900.0,27900.0,,0.0
2019-12-20,27900.0,27900.0,27900.0,27900.0,,0.0
2019-12-21,27900.0,27900.0,27900.0,27900.0,,0.0
2019-12-22,27900.0,27900.0,27900.0,27900.0,,0.0
2019-12-23,27900.0,27900.0,27900.0,27900.0,,0.0
2019-12-24,27900.0,27900.0,27900.0,27900.0,,0.0
2019-12-25,27900.0,27900.0,27900.0,27900.0,,0.0
2019-12-26,27900.0,27900.0,27900.0,27900.0,,0.0
2019-12-27,27900.0,27900.0,27900.0,27900.0,,0.0
2019-12-28,27900.0,27900.0,27900.0,27900.0,,0.0
2019-12-29,27900.0,27900.0,27900.0,27900.0,,0.0
2019-12-30,27900.0,27900.0,27900.0,27900.0,,0.0
2019-12-31,27910.0,27910.0,27910.0,27910.0,,4.0
2020-01-01,27903.333333333332,27903.333333333332,27903.333333333332,27903.333333333332,,1.3333333333333333
2020-01-02,27903.333333333332,27903.333333333332,27903.333333333332,27903.333333333332,,1.3333333333333333
2020-01-03,27905.0,27905.0,27905.0,27905.0,,2.0
2020-01-04,25500.0,25500.0,25500.0,25500.0,,1198.0
2020-01-05,25000.0,25000.0,25000.0,25000.0,,819.0
2020-01-06,24000.0,24000.0,24000.0,24000.0,,102.0
2020-01-07,26275.0,26275.0,26275.0,26275.0,,314.0
2020-01-08,25193.75,25193.75,25193.75,25193.75,,608.25
2020-01-09,27800.0,27800.0,27800.0,27800.0,,123.0
2020-01-10,28000.0,28000.0,28000.0,28000.0,,237.0
2020-01-11,26215.0,26215.0,26215.0,26215.0,,319.0
2020-01-12,28500.0,28500.0,28500.0,28500.0,,315.0
2020-01-13,27900.0,27900.0,27900.0,27900.0,,0.0
2020-01-14,27900.0,27900.0,27900.0,27900.0,,0.0
2020-01-15,27800.0,27800.0,27800.0,27800.0,,36.0
2020-01-16,27800.0,27800.0,27800.0,27800.0,,0.0
2020-01-17,27700.0,27700.0,27700.0,27700.0,,36.0
2020-01-18,27933.333333333332,27933.333333333332,27933.333333333332,27933.333333333332,,64.5
2020-01-19,27820.0,27820.0,27820.0,27820.0,,14.4
2020-01-20,27700.0,27700.0,27700.0,27700.0,,0.0
2020-01-21,27700.0,27700.0,27700.0,27700.0,,0.0
2020-01-22,27700.0,27700.0,27700.0,27700.0,,0.0
2020-01-23,27700.0,27700.0,27700.0,27700.0,,0.0
2020-01-24,27700.0,27700.0,27700.0,27700.0,,0.0
2020-01-25,27700.0,27700.0,27700.0,27700.0,,0.0
2020-01-26,27700.0,27700.0,27700.0,27700.0,,0.0
2020-01-27,27700.0,27700.0,27700.0,27700.0,,0.0
2020-01-28,27700.0,27700.0,27700.0,27700.0,,0.0
2020-01-29,27700.0,27700.0,27700.0,27700.0,,0.0
2020-01-30,27700.0,27700.0,27700.0,27700.0,,0.0
2020-01-31,27733.0,27733.0,27733.0,27733.0,,12.0
2020-02-01,28000.0,28000.0,28000.0,28000.0,,32.0
2020-02-02,27755.5,27755.5,27755.5,27755.5,,7.333333333333333
2020-02-03,28850.0,28850.0,28850.0,28850.0,,6.0
2020-02-04,24500.0,24500.0,24500.0,24500.0,,392.0
2020-02-05,27356.6,27356.6,27356.6,27356.6,,88.4
2020-02-06,24000.0,24000.0,24000.0,24000.0,,0.0
2020-02-07,26275.0,26275.0,26275.0,26275.0,,0.0
2020-02-08,25906.25,25906.25,25906.25,25906.25,,99.5
2020-02-09,27800.0,27800.0,27800.0,27800.0,,0.0
2020-02-10,27000.0,27000.0,27000.0,27000.0,,357.0
2020-02-11,28000.0,28000.0,28000.0,28000.0,,316.0
2020-02-12,28500.0,28500.0,28500.0,28500.0,,0.0
2020-02-13,28000.0,28000.0,28000.0,28000.0,,0.0
2020-02-14,28000.0,28000.0,28000.0,28000.0,,0.0
2020-02-15,27883.333333333332,27883.333333333332,27883.333333333332,27883.333333333332,,112.16666666666667
2020-02-16,27900.0,27900.0,27900.0,27900.0,,134.6
2020-02-17,28000.0,28000.0,28000.0,28000.0,,0.0
2020-02-18,28000.0,28000.0,28000.0,28000.0,,0.0
2020-02-19,28200.0,28200.0,28200.0,28200.0,,71.0
2020-02-20,28300.0,28300.0,28300.0,28300.0,,35.0
2020-02-21,28400.0,28400.0,28400.0,28400.0,,35.0
2020-02-22,28180.0,28180.0,28180.0,28180.0,,28.2
2020-02-23,28180.0,28180.0,28180.0,28180.0,,28.2
2020-02-24,28500.0,28500.0,28500.0,28500.0,,35.0
2020-02-25,28600.0,28600.0,28600.0,28600.0,,35.0
2020-02-26,28600.0,28600.0,28600.0,28600.0,,0.0
2020-02-27,28700.0,28700.0,28700.0,28700.0,,35.0
2020-02-28,28834.0,28834.0,28834.0,28834.0,,47.0
2020-02-29,28646.8,28646.8,28646.8,28646.8,,30.4
2020-03-01,27900.0,27900.0,27900.0,27900.0,,36.0
2020-03-02,28000.0,28000.0,28000.0,28000.0,,96.0
2020-03-03,28900.0,28900.0,28900.0,28900.0,,17.0
2020-03-04,24200.0,24200.0,24200.0,24200.0,,122.0
2020-03-05,27566.8,27566.8,27566.8,27566.8,,63.6
2020-03-06,24700.0,24700.0,24700.0,24700.0,,292.0
2020-03-07,26275.0,26275.0,26275.0,26275.0,,0.0
2020-03-08,27500.0,27500.0,27500.0,27500.0,,112.0
2020-03-09,27800.0,27800.0,27800.0,27800.0,,0.0
2020-03-10,26095.0,26095.0,26095.0,26095.0,,105.2
2020-03-11,27500.0,27500.0,27500.0,27500.0,,179.0
2020-03-12,28500.0,28500.0,28500.0,28500.0,,0.0
2020-03-13,30250.0,30250.0,30250.0,30250.0,,41.0
2020-03-14,28310.0,28310.0,28310.0,28310.0,,66.4
2020-03-15,28512.5,28512.5,28512.5,28512.5,,55.0
2020-03-16,30250.0,30250.0,30250.0,30250.0,,0.0
2020-03-17,30250.0,30250.0,30250.0,30250.0,,0.0
2020-03-18,30250.0,30250.0,30250.0,30250.0,,0.0
2020-03-19,30000.0,30000.0,30000.0,30000.0,,83.0
2020-03-20,30000.0,30000.0,30000.0,30000.0,,0.0
2020-03-21,30150.0,30150.0,30150.0,30150.0,,16.6
2020-03-22,30150.0,30150.0,30150.0,30150.0,,16.6
2020-03-23,29800.0,29800.0,29800.0,29800.0,,67.0
2020-03-24,29800.0,29800.0,29800.0,29800.0,,0.0
2020-03-25,29700.0,29700.0,29700.0,29700.0,,34.0
2020-03-26,29500.0,29500.0,29500.0,29500.0,,67.0
2020-03-27,29200.0,29200.0,29200.0,29200.0,,102.0
2020-03-28,29600.0,29600.0,29600.0,29600.0,,54.0
2020-03-29,29600.0,29600.0,29600.0,29600.0,,54.0
2020-03-30,29100.0,29100.0,29100.0,29100.0,,34.0
2020-03-31,28971.0,28971.0,28971.0,28971.0,,44.0
2020-04-01,29192.75,29192.75,29192.75,29192.75,,61.75
2020-04-02,27900.0,27900.0,27900.0,27900.0,,36.0
2020-04-03,29500.0,29500.0,29500.0,29500.0,,208.0
2020-04-04,28867.75,28867.75,28867.75,28867.75,,80.5
2020-04-05,24500.0,24500.0,24500.0,24500.0,,200.0
2020-04-06,25200.0,25200.0,25200.0,25200.0,,202.0
2020-04-07,26775.0,26775.0,26775.0,26775.0,,161.5
2020-04-08,27300.0,27300.0,27300.0,27300.0,,73.0
2020-04-09,27800.0,27800.0,27800.0,27800.0,,0.0
2020-04-10,26200.0,26200.0,26200.0,26200.0,,118.75
2020-04-11,27500.0,27500.0,27500.0,27500.0,,0.0
2020-04-12,28500.0,28500.0,28500.0,28500.0,,0.0
2020-04-13,27775.0,27775.0,27775.0,27775.0,,18.25
2020-04-14,23500.0,23500.0,23500.0,23500.0,,84.0
2020-04-15,23500.0,23500.0,23500.0,23500.0,,0.0
2020-04-16,23400.0,23400.0,23400.0,23400.0,,43.0
2020-04-17,23300.0,23300.0,23300.0,23300.0,,43.0
2020-04-18,24440.0,24440.0,24440.0,24440.0,,34.0
2020-04-19,23425.0,23425.0,23425.0,23425.0,,42.5
2020-04-20,23200.0,23200.0,23200.0,23200.0,,43.0
2020-04-21,23100.0,23100.0,23100.0,23100.0,,43.0
2020-04-22,23100.0,23100.0,23100.0,23100.0,,0.0
2020-04-23,23000.0,23000.0,23000.0,23000.0,,43.0
2020-04-24,23000.0,23000.0,23000.0,23000.0,,0.0
2020-04-25,23080.0,23080.0,23080.0,23080.0,,25.8
2020-04-26,23080.0,23080.0,23080.0,23080.0,,25.8
2020-04-27,23000.0,23000.0,23000.0,23000.0,,0.0
2020-04-28,23000.0,23000.0,23000.0,23000.0,,0.0
2020-04-29,23000.0,23000.0,23000.0,23000.0,,0.0
2020-04-30,23107.0,23107.0,23107.0,23107.0,,47.0
2020-05-01,23026.75,23026.75,23026.75,23026.75,,11.75
2020-05-02,27900.0,27900.0,27900.0,27900.0,,0.0
2020-05-03,30000.0,30000.0,30000.0,30000.0,,169.0
2020-05-04,25401.4,25401.4,25401.4,25401.4,,43.2
2020-05-05,24400.0,24400.0,24400.0,24400.0,,41.0
2020-05-06,25200.0,25200.0,25200.0,25200.0,,0.0
2020-05-07,26875.0,26875.0,26875.0,26875.0,,52.5
2020-05-08,26750.0,26750.0,26750.0,26750.0,,201.0
2020-05-09,26587.5,26587.5,26587.5,26587.5,,102.75
2020-05-10,27000.0,27000.0,27000.0,27000.0,,0.0
2020-05-11,27200.0,27200.0,27200.0,27200.0,,109.0
2020-05-12,26537.5,26537.5,26537.5,26537.5,,77.5
2020-05-13,24150.0,24150.0,24150.0,24150.0,,0.0
2020-05-14,24150.0,24150.0,24150.0,24150.0,,0.0
2020-05-15,24150.0,24150.0,24150.0,24150.0,,0.0
2020-05-16,25330.0,25330.0,25330.0,25330.0,,21.8
2020-05-17,24912.5,24912.5,24912.5,24912.5,,27.25
2020-05-18,24150.0,24150.0,24150.0,24150.0,,0.0
2020-05-19,24150.0,24150.0,24150.0,24150.0,,0.0
2020-05-20,24150.0,24150.0,24150.0,24150.0,,0.0
2020-05-21,24150.0,24150.0,24150.0,24150.0,,0.0
2020-05-22,24150.0,24150.0,24150.0,24150.0,,0.0
2020-05-23,24150.0,24150.0,24150.0,24150.0,,0.0
2020-05-24,24150.0,24150.0,24150.0,24150.0,,0.0
2020-05-25,24150.0,24150.0,24150.0,24150.0,,0.0
2020-05-26,24150.0,24150.0,24150.0,24150.0,,0.0
2020-05-27,24150.0,24150.0,24150.0,24150.0,,0.0
2020-05-28,24200.0,24200.0,24200.0,24200.0,,21.0
2020-05-29,24248.0,24248.0,24248.0,24248.0,,20.0
2020-05-30,24187.0,24187.0,24187.0,24187.0,,10.25
2020-05-31,24187.0,24187.0,24187.0,24187.0,,10.25
2020-06-01,27900.0,27900.0,27900.0,27900.0,,0.0
2020-06-02,27900.0,27900.0,27900.0,27900.0,,0.0
2020-06-03,30000.0,30000.0,30000.0,30000.0,,0.0
2020-06-04,24100.0,24100.0,24100.0,24100.0,,41.0
2020-06-05,24400.0,24400.0,24400.0,24400.0,,0.0
2020-06-06,26860.0,26860.0,26860.0,26860.0,,8.2
2020-06-07,26275.0,26280.0,26280.0,26280.0,,0.0
2020-06-08,26750.0,26750.0,26750.0,26750.0,,0.0
2020-06-09,26305.0,26306.0,26306.0,26306.0,,8.2
2020-06-10,27000.0,27000.0,27000.0,27000.0,,0.0
2020-06-11,27200.0,27200.0,27200.0,27200.0,,0.0
2020-06-12,26806.25,26807.5,26807.5,26807.5,,0.0
2020-06-13,26806.25,26807.5,26807.5,26807.5,,0.0
2020-06-14,26983.333333333332,26983.333333333332,26983.333333333332,26983.333333333332,,0.0
2020-06-15,25200.0,25200.0,25200.0,25200.0,,0.0
2020-06-16,25300.0,25300.0,25300.0,25300.0,,40.0
2020-06-17,25400.0,25400.0,25400.0,25400.0,,40.0
2020-06-18,25400.0,25400.0,25400.0,25400.0,,0.0
2020-06-19,25400.0,25400.0,25400.0,25400.0,,0.0
2020-06-20,25340.0,25340.0,25340.0,25340.0,,16.0
2020-06-21,25340.0,25340.0,25340.0,25340.0,,16.0
2020-06-22,25400.0,25400.0,25400.0,25400.0,,0.0
2020-06-23,25400.0,25400.0,25400.0,25400.0,,0.0
2020-06-24,25400.0,25400.0,25400.0,25400.0,,0.0
2020-06-25,25400.0,25400.0,25400.0,25400.0,,0.0
2020-06-26,25400.0,25400.0,25400.0,25400.0,,0.0
2020-06-27,25400.0,25400.0,25400.0,25400.0,,0.0
2020-06-28,25400.0,25400.0,25400.0,25400.0,,0.0
2020-06-29,25400.0,25400.0,25400.0,25400.0,,0.0
2020-06-30,25474.0,25474.0,25474.0,25474.0,,29.0
2020-07-01,27900.0,27900.0,27900.0,27900.0,,0.0
2020-07-02,28000.0,28000.0,28000.0,28000.0,,36.0
2020-07-03,26693.5,26693.5,26693.5,26693.5,,16.25
2020-07-04,24100.0,24100.0,24100.0,24100.0,,0.0
2020-07-05,24300.0,24300.0,24300.0,24300.0,,41.0
2020-07-06,25954.8,25954.8,25954.8,25954.8,,21.2
2020-07-07,26275.0,26275.0,26275.0,26275.0,,0.0
2020-07-08,27000.0,27000.0,27000.0,27000.0,,93.0
2020-07-09,27800.0,27800.0,27800.0,27800.0,,0.0
2020-07-10,26900.0,26900.0,26900.0,26900.0,,37.0
2020-07-11,26455.0,26455.0,26455.0,26455.0,,34.2
2020-07-12,28500.0,28500.0,28500.0,28500.0,,0.0
2020-07-13,26275.0,26275.0,26275.0,26275.0,,0.0
2020-07-14,26275.0,26275.0,26275.0,26275.0,,0.0
2020-07-15,26275.0,26275.0,26275.0,26275.0,,0.0
2020-07-16,26275.0,26275.0,26275.0,26275.0,,0.0
2020-07-17,26275.0,26275.0,26275.0,26275.0,,0.0
2020-07-18,26645.833333333332,26645.833333333332,26645.833333333332,26645.833333333332,,0.0
2020-07-19,26275.0,26275.0,26275.0,26275.0,,0.0
2020-07-20,26275.0,26275.0,26275.0,26275.0,,0.0
2020-07-21,26400.0,26400.0,26400.0,26400.0,,48.0
2020-07-22,26500.0,26500.0,26500.0,26500.0,,38.0
2020-07-23,26600.0,26600.0,26600.0,26600.0,,38.0
2020-07-24,26700.0,26700.0,26700.0,26700.0,,38.0
2020-07-25,26495.0,26495.0,26495.0,26495.0,,32.4
2020-07-26,26495.0,26495.0,26495.0,26495.0,,32.4
2020-07-27,26800.0,26800.0,26800.0,26800.0,,37.0
2020-07-28,27000.0,27000.0,27000.0,27000.0,,75.0
2020-07-29,27100.0,27100.0,27100.0,27100.0,,37.0
2020-07-30,27150.0,27150.0,27150.0,27150.0,,18.0
2020-07-31,27196.0,27196.0,27196.0,27196.0,,17.0
2020-08-01,27900.0,27900.0,27900.0,27900.0,,0.0
2020-08-02,27191.0,27191.0,27191.0,27191.0,,30.666666666666668
2020-08-03,27269.2,27269.2,27269.2,27269.2,,29.4
2020-08-04,24000.0,24000.0,24000.0,24000.0,,41.0
2020-08-05,26561.5,26561.5,26561.5,26561.5,,19.0
2020-08-06,25200.0,25200.0,25200.0,25200.0,,0.0
2020-08-07,26275.0,26275.0,26275.0,26275.0,,0.0
2020-08-08,25158.333333333332,25158.333333333332,25158.333333333332,25158.333333333332,,13.666666666666666
2020-08-09,27800.0,27800.0,27800.0,27800.0,,0.0
2020-08-10,26800.0,26800.0,26800.0,26800.0,,37.0
2020-08-11,26518.75,26518.75,26518.75,26518.75,,9.25
2020-08-12,28600.0,28600.0,28600.0,28600.0,,35.0
2020-08-13,27000.0,27000.0,27000.0,27000.0,,0.0
2020-08-14,27000.0,27000.0,27000.0,27000.0,,0.0
2020-08-15,27440.0,27440.0,27440.0,27440.0,,14.4
2020-08-16,27350.0,27350.0,27350.0,27350.0,,18.0
2020-08-17,27000.0,27000.0,27000.0,27000.0,,0.0
2020-08-18,27000.0,27000.0,27000.0,27000.0,,0.0
2020-08-19,27000.0,27000.0,27000.0,27000.0,,0.0
2020-08-20,27000.0,27000.0,27000.0,27000.0,,0.0
2020-08-21,27100.0,27100.0,27100.0,27100.0,,37.0
2020-08-22,27020.0,27020.0,27020.0,27020.0,,7.4
2020-08-23,27020.0,27020.0,27020.0,27020.0,,7.4
2020-08-24,27200.0,27200.0,27200.0,27200.0,,37.0
2020-08-25,27250.0,27250.0,27250.0,27250.0,,18.0
2020-08-26,27300.0,27300.0,27300.0,27300.0,,18.0
2020-08-27,27400.0,27400.0,27400.0,27400.0,,37.0
2020-08-28,27461.0,27461.0,27461.0,27461.0,,22.0
2020-08-29,27322.2,27322.2,27322.2,27322.2,,26.4
2020-08-30,27322.2,27322.2,27322.2,27322.2,,26.4
2020-08-31,27352.75,27352.75,27352.75,27352.75,,23.75
2020-09-01,27900.0,27900.0,27900.0,27900.0,,0.0
2020-09-02,27587.0,27587.0,27587.0,27587.0,,19.666666666666668
2020-09-03,30000.0,30000.0,30000.0,30000.0,,0.0
2020-09-04,23700.0,23700.0,23700.0,23700.0,,125.0
2020-09-05,27200.0,27200.0,27200.0,27200.0,,41.666666666666664
2020-09-06,25200.0,25200.0,25200.0,25200.0,,0.0
2020-09-07,26275.0,26275.0,26275.0,26275.0,,0.0
2020-09-08,26293.75,26293.75,26293.75,26293.75,,31.25
2020-09-09,27800.0,27800.0,27800.0,27800.0,,0.0
2020-09-10,26700.0,26700.0,26700.0,26700.0,,37.0
2020-09-11,27200.0,27200.0,27200.0,27200.0,,0.0
2020-09-12,28700.0,28700.0,28700.0,28700.0,,35.0
2020-09-13,27335.0,27335.0,27335.0,27335.0,,14.4
2020-09-14,27600.0,27600.0,27600.0,27600.0,,0.0
2020-09-15,27600.0,27600.0,27600.0,27600.0,,0.0
2020-09-16,27600.0,27600.0,27600.0,27600.0,,0.0
2020-09-17,27500.0,27500.0,27500.0,27500.0,,36.0
2020-09-18,27500.0,27500.0,27500.0,27500.0,,0.0
2020-09-19,27560.0,27560.0,27560.0,27560.0,,7.2
2020-09-20,27560.0,27560.0,27560.0,27560.0,,7.2
2020-09-21,27500.0,27500.0,27500.0,27500.0,,0.0
2020-09-22,27500.0,27500.0,27500.0,27500.0,,0.0
2020-09-23,27500.0,27500.0,27500.0,27500.0,,0.0
2020-09-24,27400.0,27400.0,27400.0,27400.0,,36.0
2020-09-25,27400.0,27400.0,27400.0,27400.0,,0.0
2020-09-26,27460.0,27460.0,27460.0,27460.0,,7.2
2020-09-27,27460.0,27460.0,27460.0,27460.0,,7.2
2020-09-28,27400.0,27400.0,27400.0,27400.0,,0.0
2020-09-29,27400.0,27400.0,27400.0,27400.0,,0.0
2020-09-30,27351.0,27351.0,27351.0,27351.0,,18.0
2020-10-01,27900.0,27900.0,27900.0,27900.0,,0.0
2020-10-02,28000.0,28000.0,28000.0,28000.0,,0.0
2020-10-03,30125.0,30125.0,30125.0,30125.0,,42.0
2020-10-04,28029.333333333332,28029.333333333332,28029.333333333332,28029.333333333332,,10.0
2020-10-05,28155.2,28155.2,28155.2,28155.2,,12.0
2020-10-06,25200.0,25200.0,25200.0,25200.0,,0.0
2020-10-07,26275.0,26275.0,26275.0,26275.0,,0.0
2020-10-08,27000.0,27000.0,27000.0,27000.0,,0.0
2020-10-09,27800.0,27800.0,27800.0,27800.0,,0.0
2020-10-10,26568.75,26568.75,26568.75,26568.75,,0.0
2020-10-11,27200.0,27200.0,27200.0,27200.0,,0.0
2020-10-12,28700.0,28700.0,28700.0,28700.0,,0.0
2020-10-13,26600.0,26600.0,26600.0,26600.0,,0.0
2020-10-14,26600.0,26600.0,26600.0,26600.0,,0.0
2020-10-15,26700.0,26700.0,26700.0,26700.0,,38.0
2020-10-16,26800.0,26800.0,26800.0,26800.0,,37.0
2020-10-17,27100.0,27100.0,27100.0,27100.0,,12.5
2020-10-18,27080.0,27080.0,27080.0,27080.0,,15.0
2020-10-19,26800.0,26800.0,26800.0,26800.0,,0.0
2020-10-20,26900.0,26900.0,26900.0,26900.0,,37.0
2020-10-21,26900.0,26900.0,26900.0,26900.0,,0.0
2020-10-22,26900.0,26900.0,26900.0,26900.0,,0.0
2020-10-23,26900.0,26900.0,26900.0,26900.0,,0.0
2020-10-24,26880.0,26880.0,26880.0,26880.0,,7.4
2020-10-25,26880.0,26880.0,26880.0,26880.0,,7.4
2020-10-26,27000.0,27000.0,27000.0,27000.0,,37.0
2020-10-27,27000.0,27000.0,27000.0,27000.0,,0.0
2020-10-28,27000.0,27000.0,27000.0,27000.0,,0.0
2020-10-29,27100.0,27100.0,27100.0,27100.0,,37.0
2020-10-30,27141.0,27141.0,27141.0,27141.0,,15.0
2020-10-31,27048.2,27048.2,27048.2,27048.2,,17.8
2020-11-01,27048.2,27048.2,27048.2,27048.2,,17.8
2020-11-02,28000.0,28000.0,28000.0,28000.0,,0.0
2020-11-03,30125.0,30125.0,30125.0,30125.0,,0.0
2020-11-04,28091.5,28091.5,28091.5,28091.5,,13.0
2020-11-05,24300.0,24300.0,24300.0,24300.0,,0.0
2020-11-06,25200.0,25200.0,25200.0,25200.0,,0.0
2020-11-07,26906.25,26906.25,26906.25,26906.25,,0.0
2020-11-08,27000.0,27000.0,27000.0,27000.0,,0.0
2020-11-09,27600.0,27600.0,27600.0,27600.0,,72.0
2020-11-10,26025.0,26025.0,26025.0,26025.0,,18.0
2020-11-11,27200.0,27200.0,27200.0,27200.0,,0.0
2020-11-12,28800.0,28800.0,28800.0,28800.0,,35.0
2020-11-13,27200.0,27200.0,27200.0,27200.0,,0.0
2020-11-14,27560.0,27560.0,27560.0,27560.0,,21.4
2020-11-15,27700.0,27700.0,27700.0,27700.0,,26.75
2020-11-16,27200.0,27200.0,27200.0,27200.0,,0.0
2020-11-17,27200.0,27200.0,27200.0,27200.0,,0.0
2020-11-18,27200.0,27200.0,27200.0,27200.0,,0.0
2020-11-19,27400.0,27400.0,27400.0,27400.0,,74.0
2020-11-20,27400.0,27400.0,27400.0,27400.0,,0.0
2020-11-21,27280.0,27280.0,27280.0,27280.0,,14.8
2020-11-22,27280.0,27280.0,27280.0,27280.0,,14.8
2020-11-23,27400.0,27400.0,27400.0,27400.0,,0.0
2020-11-24,27400.0,27400.0,27400.0,27400.0,,0.0
2020-11-25,27500.0,27500.0,27500.0,27500.0,,36.0
2020-11-26,27500.0,27500.0,27500.0,27500.0,,0.0
2020-11-27,27600.0,27600.0,27600.0,27600.0,,36.0
2020-11-28,27480.0,27480.0,27480.0,27480.0,,14.4
2020-11-29,27480.0,27480.0,27480.0,27480.0,,14.4
2020-11-30,27629.0,27629.0,27629.0,27629.0,,11.0
2020-12-01,27557.25,27557.25,27557.25,27557.25,,20.75
2020-12-02,28000.0,28000.0,28000.0,28000.0,,0.0
2020-12-03,30125.0,30125.0,30125.0,30125.0,,0.0
2020-12-04,28584.666666666668,28584.666666666668,28584.666666666668,28584.666666666668,,3.6666666666666665
2020-12-05,24150.0,24150.0,24150.0,24150.0,,62.0
2020-12-06,25200.0,25200.0,25200.0,25200.0,,0.0
2020-12-07,26868.75,26868.75,26868.75,26868.75,,15.5
2020-12-08,27000.0,27000.0,27000.0,27000.0,,0.0
2020-12-09,26618.75,26618.75,26618.75,26618.75,,15.5
2020-12-10,26600.0,26600.0,26600.0,26600.0,,37.0
2020-12-11,27200.0,27200.0,27200.0,27200.0,,0.0
2020-12-12,26500.0,26500.0,26500.0,26500.0,,9.25
2020-12-13,26933.333333333332,26933.333333333332,26933.333333333332,26933.333333333332,,12.333333333333334
2020-12-14,28800.0,28800.0,28800.0,28800.0,,0.0
2020-12-15,29100.0,29100.0,29100.0,29100.0,,104.0
2020-12-16,29100.0,29100.0,29100.0,29100.0,,0.0
2020-12-17,29200.0,29200.0,29200.0,29200.0,,34.0
2020-12-18,29300.0,29300.0,29300.0,29300.0,,34.0
2020-12-19,29100.0,29100.0,29100.0,29100.0,,34.4
2020-12-20,29100.0,29100.0,29100.0,29100.0,,34.4
2020-12-21,29300.0,29300.0,29300.0,29300.0,,0.0
2020-12-22,29300.0,29300.0,29300.0,29300.0,,0.0
2020-12-23,29300.0,29300.0,29300.0,29300.0,,0.0
2020-12-24,29300.0,29300.0,29300.0,29300.0,,0.0
2020-12-25,29300.0,29300.0,29300.0,29300.0,,0.0
2020-12-26,29300.0,29300.0,29300.0,29300.0,,0.0
2020-12-27,29300.0,29300.0,29300.0,29300.0,,0.0
2020-12-28,29300.0,29300.0,29300.0,29300.0,,0.0
2020-12-29,29400.0,29400.0,29400.0,29400.0,,34.0
2020-12-30,29500.0,29500.0,29500.0,29500.0,,34.0
2020-12-31,29640.0,29640.0,29640.0,29640.0,,47.0
2021-01-01,29513.333333333332,29513.333333333332,29513.333333333332,29513.333333333332,,38.333333333333336
2021-01-02,30400.0,30400.0,30400.0,30400.0,,23.0
2021-01-03,30500.0,30500.0,30500.0,30500.0,,110.0
2021-01-04,30000.0,30000.0,30000.0,30000.0,,332.0
2021-01-05,30008.0,30008.0,30008.0,30008.0,,109.2
2021-01-06,29000.0,29000.0,29000.0,29000.0,,550.0
2021-01-07,28377.0,28377.0,28377.0,28377.0,,20.0
2021-01-08,29655.4,29655.4,29655.4,29655.4,,207.0
2021-01-09,32000.0,32000.0,32000.0,32000.0,,588.0
2021-01-10,46286.0,46286.0,46286.0,46286.0,,1992.0
2021-01-11,46456.0,46456.0,46456.0,46456.0,,303.0
2021-01-12,36423.8,36423.8,36423.8,36423.8,,690.6
2021-01-13,30500.0,30500.0,30500.0,30500.0,,0.0
2021-01-14,30400.0,30400.0,30400.0,30400.0,,33.0
2021-01-15,30400.0,30400.0,30400.0,30400.0,,0.0
2021-01-16,36808.4,36808.4,36808.4,36808.4,,465.6
2021-01-17,34439.0,34439.0,34439.0,34439.0,,84.0
2021-01-18,30400.0,30400.0,30400.0,30400.0,,0.0
2021-01-19,30400.0,30400.0,30400.0,30400.0,,0.0
2021-01-20,30400.0,30400.0,30400.0,30400.0,,0.0
2021-01-21,30400.0,30400.0,30400.0,30400.0,,0.0
2021-01-22,30400.0,30400.0,30400.0,30400.0,,0.0
2021-01-23,30400.0,30400.0,30400.0,30400.0,,0.0
2021-01-24,30400.0,30400.0,30400.0,30400.0,,0.0
2021-01-25,30400.0,30400.0,30400.0,30400.0,,0.0
2021-01-26,30400.0,30400.0,30400.0,30400.0,,0.0
2021-01-27,30400.0,30400.0,30400.0,30400.0,,0.0
2021-01-28,30450.0,30450.0,30450.0,30450.0,,16.0
2021-01-29,30470.0,30470.0,30470.0,30470.0,,7.0
2021-01-30,30424.0,30424.0,30424.0,30424.0,,4.6
2021-01-31,30424.0,30424.0,30424.0,30424.0,,4.6
2021-02-01,30430.0,30430.0,30430.0,30430.0,,5.75
2021-02-02,30400.0,30400.0,30400.0,30400.0,,0.0
2021-02-03,30400.0,30400.0,30400.0,30400.0,,33.0
2021-02-04,30423.333333333332,30423.333333333332,30423.333333333332,30423.333333333332,,13.333333333333334
2021-02-05,30400.0,30400.0,30400.0,30400.0,,16.5
2021-02-06,28500.0,28500.0,28500.0,28500.0,,172.0
2021-02-07,28397.0,28397.0,28397.0,28397.0,,7.0
2021-02-08,29977.0,29977.0,29977.0,29977.0,,358.0
2021-02-09,31250.0,31250.0,31250.0,31250.0,,234.0
2021-02-10,29531.0,29531.0,29531.0,29531.0,,192.75
2021-02-11,46433.0,46433.0,46433.0,46433.0,,5.0
2021-02-12,32911.4,32911.4,32911.4,32911.4,,155.2
2021-02-13,34014.25,34014.25,34014.25,34014.25,,151.0
2021-02-14,35886.666666666664,35886.666666666664,35886.666666666664,35886.666666666664,,199.0
2021-02-15,30150.0,30150.0,30150.0,30150.0,,0.0
2021-02-16,30150.0,30150.0,30150.0,30150.0,,0.0
2021-02-17,30150.0,30150.0,30150.0,30150.0,,0.0
2021-02-18,30150.0,30150.0,30150.0,30150.0,,0.0
2021-02-19,30150.0,30150.0,30150.0,30150.0,,0.0
2021-02-20,30150.0,30150.0,30150.0,30150.0,,0.0
2021-02-21,30150.0,30150.0,30150.0,30150.0,,0.0
2021-02-22,30150.0,30150.0,30150.0,30150.0,,0.0
2021-02-23,30150.0,30150.0,30150.0,30150.0,,0.0
2021-02-24,30150.0,30150.0,30150.0,30150.0,,0.0
2021-02-25,30150.0,30150.0,30150.0,30150.0,,0.0
2021-02-26,30169.0,30169.0,30169.0,30169.0,,6.0
2021-02-27,30153.8,30153.8,30153.8,30153.8,,1.2
2021-02-28,30153.8,30153.8,30153.8,30153.8,,1.2
2021-03-01,30154.75,30154.75,30154.75,30154.75,,1.5
2021-03-02,30400.0,30400.0,30400.0,30400.0,,0.0
2021-03-03,30000.0,30000.0,30000.0,30000.0,,132.0
2021-03-04,30189.666666666668,30189.666666666668,30189.666666666668,30189.666666666668,,46.0
2021-03-05,30200.0,30200.0,30200.0,30200.0,,66.0
2021-03-06,28500.0,28500.0,28500.0,28500.0,,0.0
2021-03-07,29633.333333333332,29633.333333333332,29633.333333333332,29633.333333333332,,44.0
2021-03-08,29999.0,29999.0,29999.0,29999.0,,7.0
2021-03-09,31485.0,31485.0,31485.0,31485.0,,75.0
2021-03-10,29994.666666666668,29994.666666666668,29994.666666666668,29994.666666666668,,27.333333333333332
2021-03-11,46156.0,46156.0,46156.0,46156.0,,60.0
2021-03-12,34035.0,34035.0,34035.0,34035.0,,35.5
2021-03-13,35880.0,35880.0,35880.0,35880.0,,47.333333333333336
2021-03-14,35880.0,35880.0,35880.0,35880.0,,47.333333333333336
2021-03-15,29500.0,29500.0,29500.0,29500.0,,34.0
2021-03-16,29500.0,29500.0,29500.0,29500.0,,0.0
2021-03-17,29500.0,29500.0,29500.0,29500.0,,0.0
2021-03-18,29500.0,29500.0,29500.0,29500.0,,0.0
2021-03-19,29500.0,29500.0,29500.0,29500.0,,0.0
2021-03-20,29500.0,29500.0,29500.0,29500.0,,6.8
2021-03-21,29500.0,29500.0,29500.0,29500.0,,6.8
2021-03-22,29500.0,29500.0,29500.0,29500.0,,0.0
2021-03-23,29500.0,29500.0,29500.0,29500.0,,0.0
2021-03-24,29500.0,29500.0,29500.0,29500.0,,0.0
2021-03-25,29500.0,29500.0,29500.0,29500.0,,0.0
2021-03-26,29500.0,29500.0,29500.0,29500.0,,0.0
2021-03-27,29500.0,29500.0,29500.0,29500.0,,0.0
2021-03-28,29500.0,29500.0,29500.0,29500.0,,0.0
2021-03-29,29350.0,29350.0,29350.0,29350.0,,51.0
2021-03-30,29250.0,29250.0,29250.0,29250.0,,34.0
2021-03-31,29036.0,29036.0,29036.0,29036.0,,73.0
2021-04-01,30350.0,30350.0,30350.0,30350.0,,240.0
2021-04-02,30400.0,30400.0,30400.0,30400.0,,0.0
2021-04-03,29800.0,29800.0,29800.0,29800.0,,67.0
2021-04-04,29697.666666666668,29697.666666666668,29697.666666666668,29697.666666666668,,77.5
2021-04-05,28500.0,28500.0,28500.0,28500.0,,484.0
2021-04-06,28500.0,28500.0,28500.0,28500.0,,0.0
2021-04-07,29510.0,29510.0,29510.0,29510.0,,158.2
2021-04-08,29999.0,29999.0,29999.0,29999.0,,0.0
2021-04-09,29199.75,29199.75,29199.75,29199.75,,137.75
2021-04-10,46438.0,46438.0,46438.0,46438.0,,33.0
2021-04-11,44127.0,44127.0,44127.0,44127.0,,440.0
2021-04-12,37266.0,37266.0,37266.0,37266.0,,118.25
2021-04-13,27200.0,27200.0,27200.0,27200.0,,0.0
2021-04-14,27200.0,27200.0,27200.0,27200.0,,0.0
2021-04-15,27000.0,27000.0,27000.0,27000.0,,74.0
2021-04-16,27000.0,27000.0,27000.0,27000.0,,0.0
2021-04-17,30505.4,30505.4,30505.4,30505.4,,102.8
2021-04-18,27100.0,27100.0,27100.0,27100.0,,18.5
2021-04-19,27000.0,27000.0,27000.0,27000.0,,0.0
2021-04-20,27000.0,27000.0,27000.0,27000.0,,0.0
2021-04-21,27000.0,27000.0,27000.0,27000.0,,0.0
2021-04-22,27100.0,27100.0,27100.0,27100.0,,37.0
2021-04-23,27100.0,27100.0,27100.0,27100.0,,0.0
2021-04-24,27040.0,27040.0,27040.0,27040.0,,7.4
2021-04-25,27040.0,27040.0,27040.0,27040.0,,7.4
2021-04-26,27100.0,27100.0,27100.0,27100.0,,0.0
2021-04-27,27100.0,27100.0,27100.0,27100.0,,0.0
2021-04-28,27100.0,27100.0,27100.0,27100.0,,0.0
2021-04-29,27100.0,27100.0,27100.0,27100.0,,0.0
2021-04-30,27185.0,27185.0,27185.0,27185.0,,31.0
2021-05-01,30350.0,30350.0,30350.0,30350.0,,0.0
2021-05-02,30400.0,30400.0,30400.0,30400.0,,0.0
2021-05-03,29800.0,29800.0,29800.0,29800.0,,0.0
2021-05-04,28655.833333333332,28655.833333333332,28655.833333333332,28655.833333333332,,5.166666666666667
2021-05-05,28000.0,28000.0,28000.0,28000.0,,175.0
2021-05-06,29147.0,29147.0,29147.0,29147.0,,41.2
2021-05-07,28309.0,28309.0,28309.0,28309.0,,31.0
2021-05-08,29999.0,29999.0,29999.0,29999.0,,0.0
2021-05-09,29027.0,29027.0,29027.0,29027.0,,51.5
2021-05-10,46419.0,46419.0,46419.0,46419.0,,4.0
2021-05-11,43910.0,43910.0,43910.0,43910.0,,49.0
2021-05-12,37159.25,37159.25,37159.25,37159.25,,21.0
2021-05-13,27500.0,27500.0,27500.0,27500.0,,36.0
2021-05-14,27500.0,27500.0,27500.0,27500.0,,0.0
2021-05-15,36332.25,36332.25,36332.25,36332.25,,22.25
2021-05-16,36332.25,36332.25,36332.25,36332.25,,22.25
2021-05-17,27500.0,27500.0,27500.0,27500.0,,0.0
2021-05-18,27500.0,27500.0,27500.0,27500.0,,0.0
2021-05-19,27500.0,27500.0,27500.0,27500.0,,0.0
2021-05-20,27500.0,27500.0,27500.0,27500.0,,0.0
2021-05-21,27500.0,27500.0,27500.0,27500.0,,0.0
2021-05-22,27500.0,27500.0,27500.0,27500.0,,0.0
2021-05-23,27500.0,27500.0,27500.0,27500.0,,0.0
2021-05-24,27500.0,27500.0,27500.0,27500.0,,0.0
2021-05-25,27500.0,27500.0,27500.0,27500.0,,0.0
2021-05-26,27500.0,27500.0,27500.0,27500.0,,0.0
2021-05-27,27500.0,27500.0,27500.0,27500.0,,0.0
2021-05-28,27487.0,27487.0,27487.0,27487.0,,5.0
2021-05-29,27497.4,27497.4,27497.4,27497.4,,1.0
2021-05-30,27497.4,27497.4,27497.4,27497.4,,1.0
2021-05-31,27496.75,27496.75,27496.75,27496.75,,1.25
2021-06-01,30400.0,30400.0,30400.0,30400.0,,16.0
2021-06-02,28462.333333333332,28462.333333333332,28462.333333333332,28462.333333333332,,7.0
2021-06-03,28943.5,28943.5,28943.5,28943.5,,10.5
2021-06-04,29000.0,29000.0,29000.0,29000.0,,333.0
2021-06-05,27600.0,27600.0,27600.0,27600.0,,143.0
2021-06-06,29000.0,29000.0,29000.0,29000.0,,164.0
2021-06-07,28309.0,28309.0,28309.0,28309.0,,0.0
2021-06-08,29999.0,29999.0,29999.0,29999.0,,0.0
2021-06-09,31705.0,31705.0,31705.0,31705.0,,70.0
2021-06-10,46410.0,46410.0,46410.0,46410.0,,2.0
2021-06-11,32804.6,32804.6,32804.6,32804.6,,43.0
2021-06-12,34105.75,34105.75,34105.75,34105.75,,18.0
2021-06-13,34105.75,34105.75,34105.75,34105.75,,18.0
2021-06-14,28500.0,28500.0,28500.0,28500.0,,0.0
2021-06-15,28500.0,28500.0,28500.0,28500.0,,0.0
2021-06-16,28500.0,28500.0,28500.0,28500.0,,0.0
2021-06-17,28300.0,28300.0,28300.0,28300.0,,70.0
2021-06-18,28300.0,28300.0,28300.0,28300.0,,0.0
2021-06-19,28420.0,28420.0,28420.0,28420.0,,14.0
2021-06-20,28420.0,28420.0,28420.0,28420.0,,14.0
2021-06-21,28300.0,28300.0,28300.0,28300.0,,0.0
2021-06-22,28300.0,28300.0,28300.0,28300.0,,0.0
2021-06-23,28300.0,28300.0,28300.0,28300.0,,0.0
2021-06-24,28300.0,28300.0,28300.0,28300.0,,0.0
2021-06-25,28300.0,28300.0,28300.0,28300.0,,0.0
2021-06-26,28300.0,28300.0,28300.0,28300.0,,0.0
2021-06-27,28300.0,28300.0,28300.0,28300.0,,0.0
2021-06-28,28300.0,28300.0,28300.0,28300.0,,0.0
2021-06-29,28300.0,28300.0,28300.0,28300.0,,0.0
2021-06-30,28320.0,28320.0,28320.0,28320.0,,7.0
2021-07-01,30500.0,30500.0,30500.0,30500.0,,33.0
2021-07-02,28855.0,28855.0,28855.0,28855.0,,10.0
2021-07-03,28855.0,28855.0,28855.0,28855.0,,10.0
2021-07-04,28000.0,28000.0,28000.0,28000.0,,345.0
2021-07-05,27600.0,27600.0,27600.0,27600.0,,0.0
2021-07-06,28500.0,28500.0,28500.0,28500.0,,0.0
2021-07-07,28399.0,28399.0,28399.0,28399.0,,32.0
2021-07-08,28124.75,28124.75,28124.75,28124.75,,94.25
2021-07-09,31766.0,31766.0,31766.0,31766.0,,19.0
2021-07-10,47575.0,47575.0,47575.0,47575.0,,251.0
2021-07-11,32768.0,32768.0,32768.0,32768.0,,60.4
2021-07-12,34060.0,34060.0,34060.0,34060.0,,75.5
2021-07-13,28379.0,28379.0,28379.0,28379.0,,10.0
2021-07-14,28384.0,28384.0,28384.0,28384.0,,2.0
2021-07-15,28425.0,28425.0,28425.0,28425.0,,14.0
2021-07-16,28502.0,28502.0,28502.0,28502.0,,27.0
2021-07-17,28422.5,28422.5,28422.5,28422.5,,13.25
2021-07-18,28422.5,28422.5,28422.5,28422.5,,13.25
2021-07-19,28541.0,28541.0,28541.0,28541.0,,14.0
2021-07-20,28546.0,28546.0,28546.0,28546.0,,2.0
2021-07-21,28567.0,28567.0,28567.0,28567.0,,7.0
2021-07-22,28698.0,28698.0,28698.0,28698.0,,46.0
2021-07-23,28834.0,28834.0,28834.0,28834.0,,47.0
2021-07-24,28637.2,28637.2,28637.2,28637.2,,23.2
2021-07-25,28637.2,28637.2,28637.2,28637.2,,23.2
2021-07-26,28840.0,28840.0,28840.0,28840.0,,2.0
2021-07-27,28843.0,28843.0,28843.0,28843.0,,1.0
2021-07-28,28837.0,28837.0,28837.0,28837.0,,2.0
2021-07-29,28865.0,28865.0,28865.0,28865.0,,10.0
2021-07-30,28941.0,28941.0,28941.0,28941.0,,26.0
2021-07-31,28865.2,28865.2,28865.2,28865.2,,8.2
2021-08-01,30500.0,30500.0,30500.0,30500.0,,0.0
2021-08-02,30300.0,30300.0,30300.0,30300.0,,33.0
2021-08-03,29800.0,29800.0,29800.0,29800.0,,0.0
2021-08-04,27500.0,27500.0,27500.0,27500.0,,179.0
2021-08-05,29408.2,29408.2,29408.2,29408.2,,47.6
2021-08-06,28500.0,28500.0,28500.0,28500.0,,0.0
2021-08-07,28399.0,28399.0,28399.0,28399.0,,0.0
2021-08-08,28899.8,28899.8,28899.8,28899.8,,42.4
2021-08-09,31959.0,31959.0,31959.0,31959.0,,61.0
2021-08-10,47704.0,47704.0,47704.0,47704.0,,27.0
2021-08-11,43821.0,43821.0,43821.0,43821.0,,20.0
2021-08-12,36076.6,36076.6,36076.6,36076.6,,21.6
2021-08-13,30015.0,30015.0,30015.0,30015.0,,1.0
2021-08-14,38374.75,38374.75,38374.75,38374.75,,27.25
2021-08-15,38374.75,38374.75,38374.75,38374.75,,27.25
2021-08-16,30042.0,30042.0,30042.0,30042.0,,9.0
2021-08-17,30034.0,30034.0,30034.0,30034.0,,3.0
2021-08-18,30037.0,30037.0,30037.0,30037.0,,1.0
2021-08-19,30055.0,30055.0,30055.0,30055.0,,6.0
2021-08-20,30050.0,30050.0,30050.0,30050.0,,2.0
2021-08-21,30043.6,30043.6,30043.6,30043.6,,4.2
2021-08-22,30043.6,30043.6,30043.6,30043.6,,4.2
2021-08-23,30102.0,30102.0,30102.0,30102.0,,17.0
2021-08-24,30108.0,30108.0,30108.0,30108.0,,2.0
2021-08-25,30107.0,30107.0,30107.0,30107.0,,0.0
2021-08-26,30168.0,30168.0,30168.0,30168.0,,20.0
2021-08-27,30234.0,30234.0,30234.0,30234.0,,22.0
2021-08-28,30143.8,30143.8,30143.8,30143.8,,12.2
2021-08-29,30143.8,30143.8,30143.8,30143.8,,12.2
2021-08-30,30154.25,30154.25,30154.25,30154.25,,11.0
2021-08-31,30224.0,30224.0,30224.0,30224.0,,3.0
2021-09-01,30208.666666666668,30208.666666666668,30208.666666666668,30208.666666666668,,15.0
2021-09-02,30300.0,30300.0,30300.0,30300.0,,0.0
2021-09-03,29800.0,29800.0,29800.0,29800.0,,0.0
2021-09-04,27200.0,27200.0,27200.0,27200.0,,109.0
2021-09-05,29381.0,29381.0,29381.0,29381.0,,28.0
2021-09-06,28500.0,28500.0,28500.0,28500.0,,0.0
2021-09-07,28375.0,28375.0,28375.0,28375.0,,8.0
2021-09-08,29999.0,29999.0,29999.0,29999.0,,0.0
2021-09-09,36598.0,36598.0,36598.0,36598.0,,1452.0
2021-09-10,30134.4,30134.4,30134.4,30134.4,,313.8
2021-09-11,42808.0,42808.0,42808.0,42808.0,,231.0
2021-09-12,33256.0,33256.0,33256.0,33256.0,,338.2
2021-09-13,36780.0,36780.0,36780.0,36780.0,,56.0
2021-09-14,37044.0,37044.0,37044.0,37044.0,,72.0
2021-09-15,37013.0,37013.0,37013.0,37013.0,,8.0
2021-09-16,37042.0,37042.0,37042.0,37042.0,,8.0
2021-09-17,37520.0,37520.0,37520.0,37520.0,,129.0
2021-09-18,37079.8,37079.8,37079.8,37079.8,,54.6
2021-09-19,37079.8,37079.8,37079.8,37079.8,,54.6
2021-09-20,37204.0,37204.0,37204.0,37204.0,,84.0
2021-09-21,37164.0,37164.0,37164.0,37164.0,,11.0
2021-09-22,37179.0,37179.0,37179.0,37179.0,,4.0
2021-09-23,37329.0,37329.0,37329.0,37329.0,,40.0
2021-09-24,37807.0,37807.0,37807.0,37807.0,,128.0
2021-09-25,37336.6,37336.6,37336.6,37336.6,,53.4
2021-09-26,37336.6,37336.6,37336.6,37336.6,,53.4
2021-09-27,37839.0,37839.0,37839.0,37839.0,,8.0
2021-09-28,37841.0,37841.0,37841.0,37841.0,,1.0
2021-09-29,37835.0,37835.0,37835.0,37835.0,,2.0
2021-09-30,38598.0,38598.0,38598.0,38598.0,,202.0
2021-10-01,38028.25,38028.25,38028.25,38028.25,,53.25
2021-10-02,30200.0,30200.0,30200.0,30200.0,,33.0
2021-10-03,29800.0,29800.0,29800.0,29800.0,,0.0
2021-10-04,34854.8,34854.8,34854.8,34854.8,,47.6
2021-10-05,27600.0,27600.0,27600.0,27600.0,,0.0
2021-10-06,28500.0,28500.0,28500.0,28500.0,,0.0
2021-10-07,29025.0,29025.0,29025.0,29025.0,,8.25
2021-10-08,29999.0,29999.0,29999.0,29999.0,,0.0
2021-10-09,36574.0,36574.0,36574.0,36574.0,,7.0
2021-10-10,30668.25,30668.25,30668.25,30668.25,,1.75
2021-10-11,42849.0,42849.0,42849.0,42849.0,,10.0
2021-10-12,34480.5,34480.5,34480.5,34480.5,,4.25
2021-10-13,47703.0,47703.0,47703.0,47703.0,,37.0
2021-10-14,48037.0,48037.0,48037.0,48037.0,,70.0
2021-10-15,48066.0,48066.0,48066.0,48066.0,,6.0
2021-10-16,46663.75,46663.75,46663.75,46663.75,,30.75
2021-10-17,46663.75,46663.75,46663.75,46663.75,,30.75
2021-10-18,48065.0,48065.0,48065.0,48065.0,,0.0
2021-10-19,48069.0,48069.0,48069.0,48069.0,,1.0
2021-10-20,48072.0,48072.0,48072.0,48072.0,,1.0
2021-10-21,48096.0,48096.0,48096.0,48096.0,,5.0
2021-10-22,48077.0,48077.0,48077.0,48077.0,,4.0
2021-10-23,48075.8,48075.8,48075.8,48075.8,,2.2
2021-10-24,48075.8,48075.8,48075.8,48075.8,,2.2
2021-10-25,48062.0,48062.0,48062.0,48062.0,,3.0
2021-10-26,48029.0,48029.0,48029.0,48029.0,,7.0
2021-10-27,48022.0,48022.0,48022.0,48022.0,,1.0
2021-10-28,47969.0,47969.0,47969.0,47969.0,,11.0
2021-10-29,47910.0,47910.0,47910.0,47910.0,,12.0
2021-10-30,47998.4,47998.4,47998.4,47998.4,,6.8
2021-10-31,47998.4,47998.4,47998.4,47998.4,,6.8
2021-11-01,30500.0,30500.0,30500.0,30500.0,,0.0
2021-11-02,30150.0,30150.0,30150.0,30150.0,,17.0
2021-11-03,29600.0,29600.0,29600.0,29600.0,,67.0
2021-11-04,34540.0,34540.0,34540.0,34540.0,,24.0
2021-11-05,27600.0,27600.0,27600.0,27600.0,,0.0
2021-11-06,28500.0,28500.0,28500.0,28500.0,,0.0
2021-11-07,29270.0,29270.0,29270.0,29270.0,,16.8
2021-11-08,29999.0,29999.0,29999.0,29999.0,,0.0
2021-11-09,28924.75,28924.75,28924.75,28924.75,,16.75
2021-11-10,47895.0,47895.0,47895.0,47895.0,,40.0
2021-11-11,41146.0,41146.0,41146.0,41146.0,,397.0
2021-11-12,36885.0,36885.0,36885.0,36885.0,,109.25
2021-11-13,39680.0,39680.0,39680.0,39680.0,,145.66666666666666
2021-11-14,39680.0,39680.0,39680.0,39680.0,,145.66666666666666
2021-11-15,41124.0,41124.0,41124.0,41124.0,,2.0
2021-11-16,41130.0,41130.0,41130.0,41130.0,,1.0
2021-11-17,41116.0,41116.0,41116.0,41116.0,,3.0
2021-11-18,41110.0,41110.0,41110.0,41110.0,,1.0
2021-11-19,41116.0,41116.0,41116.0,41116.0,,1.0
2021-11-20,41119.2,41119.2,41119.2,41119.2,,1.6
2021-11-21,41119.2,41119.2,41119.2,41119.2,,1.6
2021-11-22,41118.0,41118.0,41118.0,41118.0,,1.5
2021-11-23,41114.0,41114.0,41114.0,41114.0,,1.6666666666666667
2021-11-24,41113.0,41113.0,41113.0,41113.0,,1.0
2021-11-25,41116.0,41116.0,41116.0,41116.0,,1.0
2021-11-26,,,,,,
2021-11-27,,,,,,
2021-11-28,,,,,,
2021-11-29,,,,,,
2021-11-30,,,,,,
2021-12-01,30500.0,30500.0,30500.0,30500.0,,0.0
2021-12-02,30150.0,30150.0,30150.0,30150.0,,0.0
2021-12-03,29600.0,29600.0,29600.0,29600.0,,0.0
2021-12-04,27200.0,27200.0,27200.0,27200.0,,0.0
2021-12-05,27600.0,27600.0,27600.0,27600.0,,0.0
2021-12-06,29010.0,29010.0,29010.0,29010.0,,0.0
2021-12-07,28406.0,28406.0,28406.0,28406.0,,11.0
2021-12-08,30012.0,30012.0,30012.0,30012.0,,4.0
2021-12-09,28563.6,28563.6,28563.6,28563.6,,3.0
2021-12-10,47878.0,47878.0,47878.0,47878.0,,4.0
2021-12-11,41134.0,41134.0,41134.0,41134.0,,3.0
