,total_of_tweets,no_of_followers,no_of_followees,age_of_account,no_of_favorite,aver_favou_per_day,aver_tweets_per_day,user_name_len,is_post_at_hol,is_post_at_noon,is_post_at_eve,is_post_at_weekend,contain_location,contain_org,contain_tvshow,sentiment_level,contain video,contain picture,contain_upper,contain_number,contain_excl,con_user_mentioned,contain_url,contain_hashtag,opt_length,len_of_text,status_retweet
0,14172,457,307,4043,0,0.0,1.0,15,0,0,0,0,1,1,0,1,0,0,1,1,0,0,1,0,0,298,0
1,685,0,175,453,1,1.0,1.0,11,0,0,0,0,1,1,0,2,0,0,1,1,0,0,1,0,0,196,0
2,2010,62,71,4909,0,0.0,1.0,12,0,0,0,0,0,0,0,0,0,0,1,1,0,1,0,0,0,59,0
3,425,19,196,690,0,0.0,1.0,13,0,0,0,0,1,0,0,0,0,0,1,1,0,1,0,0,0,36,0
4,416,20,7,190,0,0.0,1.0,7,0,0,0,0,1,1,0,1,0,0,1,1,0,0,1,1,0,296,0
5,7803,107,119,218,0,0.0,1.0,13,0,0,0,0,1,1,0,1,0,0,1,1,0,0,1,1,0,124,0
6,7803,107,119,218,0,0.0,1.0,13,0,0,0,0,1,1,0,1,0,0,1,1,0,0,1,1,0,101,0
7,119,0,4,108,0,0.0,1.0,10,0,0,0,0,1,1,0,2,0,0,1,1,0,1,0,0,0,188,0
8,363,34,54,3786,0,0.0,1.0,10,0,0,0,0,1,0,0,1,0,0,1,1,0,0,1,0,0,141,0
9,693,62,321,236,0,0.0,1.0,13,0,0,0,0,1,1,0,0,0,0,1,1,0,1,0,0,0,220,0
10,25694,62,104,179,0,0.0,1.0,14,0,0,0,0,1,1,0,1,0,0,1,1,0,0,0,1,0,219,0
11,10150,1430,131,3382,0,0.0,1.0,14,0,0,0,0,1,1,0,1,0,0,1,1,0,0,1,0,0,213,0
12,17142,58,60,135,0,0.0,1.0,11,0,0,0,0,1,1,0,1,0,0,1,1,0,0,0,1,0,226,0
13,15799,56,69,3860,0,0.0,1.0,14,0,0,0,0,1,1,0,1,0,0,1,1,0,0,0,1,0,226,0
14,2225,90,154,1304,0,0.0,1.0,15,0,0,0,0,0,0,0,1,0,0,1,1,0,0,1,0,0,50,0
15,2225,90,154,1304,0,0.0,1.0,15,0,0,0,0,0,0,0,2,0,0,1,0,0,0,1,0,0,23,0
16,18224,430,619,2717,0,0.0,1.0,8,0,0,0,0,0,0,0,1,0,0,1,1,0,1,0,0,0,30,0
17,13116,11,49,2851,0,0.0,1.0,11,0,0,0,0,1,1,0,1,0,0,1,1,0,0,0,1,0,269,0
18,2665,5,121,1493,0,0.0,1.0,13,0,0,0,0,1,0,0,0,0,0,1,1,0,1,0,0,0,58,0
19,6201,20,54,2363,0,0.0,1.0,9,0,0,0,0,0,0,0,1,0,0,1,1,0,1,0,0,0,45,0
20,72,829,0,166,0,0.0,1.0,15,0,0,0,0,0,1,0,1,0,0,1,1,0,0,1,1,0,272,0
21,10,0,15,540,0,0.0,1.0,12,0,0,0,0,0,1,0,0,0,0,1,1,0,1,0,0,0,38,0
22,24832,72,116,179,0,0.0,1.0,9,0,0,0,0,1,1,0,1,0,0,1,1,0,0,0,1,0,219,0
23,13301,12,69,2849,0,0.0,1.0,11,0,0,0,0,1,1,0,1,0,0,1,1,0,0,0,1,0,269,0
24,2225,53,408,2511,0,0.5,1.0,7,0,0,0,0,1,1,0,1,0,0,0,1,0,1,0,0,0,59,0
25,23337,72,73,162,0,0.0,1.0,15,0,0,0,0,1,1,0,1,0,0,1,1,0,0,0,1,0,219,0
26,1585,2074,112,225,1,1.375,1.0,11,0,0,0,0,1,1,0,1,0,0,1,1,1,0,1,1,0,277,0
27,1585,2074,112,225,1,1.375,1.0,11,0,0,0,0,1,1,0,1,0,0,1,1,1,0,1,1,0,222,0
28,112,1,11,303,0,0.0,1.0,11,0,0,0,0,1,1,0,2,0,0,0,1,0,1,0,0,0,102,0
29,1172,7,2,562,0,0.25,1.0,13,0,0,0,0,1,1,0,1,0,0,1,1,0,0,1,1,0,301,0
30,594,20,0,690,0,0.25,1.0,15,0,0,0,0,1,1,0,1,0,0,1,1,0,0,1,1,0,301,0
31,21585,1340,1407,4854,0,0.0,1.0,11,0,0,0,0,0,1,0,0,0,0,1,1,0,1,0,0,0,50,0
32,13785,19,70,2849,0,0.0,1.5,15,0,0,0,0,1,1,0,1,0,0,1,1,0,0,0,1,0,270,0
33,350,2,3,192,0,0.0,1.0,15,0,0,0,0,1,0,0,1,0,0,1,1,0,0,1,0,1,71,0
34,321,54,634,2178,4,4.0,1.0,6,0,0,0,0,1,1,0,0,0,0,1,1,0,1,0,0,0,195,0
35,1434,3,53,1154,0,0.0,1.0,11,0,0,0,0,1,1,0,0,0,0,1,1,0,1,0,0,0,271,0
36,4635,864,1083,1143,0,0.0,1.0,9,0,0,0,0,0,0,0,1,0,0,1,1,0,0,1,0,0,60,0
37,3065,265,412,4050,0,0.0,1.0,6,0,0,0,0,1,1,0,0,0,0,1,1,0,1,0,0,0,58,0
38,99,0,4,205,0,0.0,1.0,8,0,0,0,0,1,0,0,1,0,0,1,1,0,1,0,0,1,70,0
39,21707,81,366,3339,0,0.0,1.0,12,0,0,0,0,1,1,0,0,0,0,1,1,0,1,0,0,0,224,0
40,572,15,12,4212,0,0.0,1.0,11,0,0,0,0,1,1,0,1,0,0,1,1,0,0,1,1,1,91,0
41,851101,993477,90,5237,1,0.34285714285714286,1.0,10,0,0,1,0,1,0,0,1,0,0,1,1,0,0,1,0,1,90,1
42,384214,101135,58,4812,0,0.0,1.0,11,0,0,1,0,1,0,0,1,0,0,1,1,0,1,1,0,0,133,0
43,2814,55,63,1561,0,0.0,1.0,15,0,0,1,0,0,0,0,1,0,0,1,1,0,1,0,0,0,62,0
44,851101,993477,90,5237,0,0.34285714285714286,1.0,10,0,0,0,0,1,0,0,1,0,0,1,1,0,0,1,1,0,163,0
45,851101,993477,90,5237,0,0.34285714285714286,1.0,10,0,0,0,0,0,0,0,1,0,0,1,1,0,0,1,0,1,72,0
46,851101,993477,90,5237,0,0.34285714285714286,1.0,10,0,0,0,0,1,1,0,1,0,0,1,1,0,0,1,1,1,79,0
47,3965,36,60,2569,0,0.0,1.0,6,0,0,0,0,0,0,0,1,0,0,1,1,0,1,0,0,0,30,0
48,744,32,242,2281,0,0.3333333333333333,1.0,7,0,0,0,0,0,1,0,1,0,0,1,1,0,1,0,0,1,75,0
49,57831,1915,388,3446,0,0.0,1.0,12,0,1,0,0,1,0,0,2,0,0,1,1,0,0,1,0,0,109,0
50,618,515,887,300,0,0.0,1.0,8,0,1,0,0,1,1,0,0,0,0,1,1,0,1,0,0,0,183,0
51,141,0,2,243,0,0.0,1.0,10,0,1,0,0,0,1,0,0,0,0,1,1,0,1,0,0,0,58,0
52,9,3,139,447,0,0.0,1.0,13,0,1,0,0,1,1,0,0,0,0,1,1,0,1,0,0,0,249,0
53,38248,23731,24174,3897,0,0.0,1.0,12,0,0,0,0,0,1,0,2,0,0,1,1,0,1,0,0,0,59,0
54,851101,993477,90,5237,0,0.34285714285714286,1.0,10,0,0,0,0,0,1,0,1,0,0,1,1,0,0,1,0,1,80,0
55,851101,993477,90,5237,0,0.34285714285714286,1.0,10,0,0,0,0,0,1,0,1,0,0,1,1,0,0,1,0,1,80,0
56,21969,1677,1492,2501,4,4.0,1.0,7,0,0,0,0,0,1,0,1,0,0,1,1,0,0,1,0,0,64,0
57,192193,105095,33,4891,0,0.05263157894736842,1.0,15,0,0,0,0,1,0,0,1,0,0,1,1,0,1,1,0,0,148,0
58,4224,151,82,4796,0,0.0,1.0,8,0,0,0,0,1,1,0,0,0,0,1,1,0,1,0,0,0,150,0
59,928,48,252,4690,1,1.0,1.0,8,0,0,0,0,1,1,0,0,0,0,1,1,0,1,0,0,1,82,0
60,214,38,43,430,133,133.0,1.0,7,0,0,0,0,1,1,0,0,0,0,1,1,0,1,0,0,0,119,1
61,253,1,251,94,0,0.0,1.0,12,0,0,0,0,1,0,0,1,0,0,1,1,0,1,0,0,0,133,0
62,80765,3616,924,1888,5,5.0,1.0,8,0,0,0,0,1,1,0,1,0,0,1,1,0,0,1,0,0,39,0
63,3684,89,262,1542,0,0.0,1.0,12,0,0,0,0,1,1,0,0,0,0,1,1,0,1,0,0,0,290,0
64,758,24,422,2017,0,0.0,1.0,12,0,0,0,0,1,0,0,0,0,0,1,1,0,1,0,0,1,89,0
65,11729,56,734,2884,1,1.0,1.0,11,0,0,0,0,1,0,0,1,0,0,1,1,0,1,0,0,1,82,0
66,1069402,402842,181,4580,2,2.0,1.0,9,0,0,0,0,1,0,0,1,0,0,1,1,0,0,1,1,0,224,0
67,132714,5405,4050,1917,1,1.0,1.0,10,0,0,0,0,0,1,0,0,0,0,1,1,0,1,1,0,0,261,0
68,15799,56,69,3860,0,0.0,1.0,14,0,0,0,0,1,1,0,1,0,0,1,1,0,0,0,1,0,219,0
69,2122,19,36,4114,0,0.0,1.0,10,0,0,0,0,1,1,0,0,0,0,1,1,1,1,0,0,0,122,0
70,22208,68,129,154,0,0.0,1.0,13,0,0,0,0,1,1,0,1,0,0,1,1,0,0,0,1,0,162,0
71,7803,107,119,218,0,0.0,1.0,13,0,0,0,0,1,0,0,1,0,0,1,1,0,0,1,1,0,127,0
72,7803,107,119,218,0,0.0,1.0,13,0,0,0,0,1,1,0,1,0,0,1,1,0,0,1,1,0,121,0
73,15567,58,150,116,0,0.0,1.0,11,0,0,0,0,1,1,0,1,0,0,1,1,0,0,0,1,0,218,0
74,12332,63,494,3754,0,0.0,1.0,13,0,0,0,0,1,1,0,1,0,0,1,1,0,0,0,1,0,218,0
75,11087,59,81,2124,0,0.0,1.0,12,0,0,0,0,1,1,0,1,0,0,1,1,0,0,0,1,0,219,0
76,22930,1486,1780,3052,0,0.0,1.0,7,0,0,0,0,0,1,0,0,0,0,1,1,1,1,1,0,0,281,0
77,13065,71,279,97,0,0.0,1.0,14,0,0,0,0,1,1,0,1,0,0,1,1,0,0,0,1,0,218,0
78,1585,2074,112,225,2,1.375,1.0,11,0,0,0,0,1,1,0,1,0,0,1,1,1,0,1,1,0,300,0
79,11221,81,13,1033,0,0.3,1.0,12,0,0,0,0,1,1,0,1,0,0,1,1,0,0,1,0,0,133,0
80,11221,81,13,1033,0,0.3,1.0,12,0,0,0,0,0,1,0,1,0,0,1,1,0,0,1,0,0,133,0
81,900,1,64,106,0,0.0,1.0,13,0,0,0,0,1,0,0,1,0,0,1,1,0,0,1,1,0,219,1
82,900,1,64,106,0,0.0,1.0,13,0,0,0,0,1,0,0,1,0,0,1,1,0,0,1,1,0,219,1
83,900,1,64,106,0,0.0,1.0,13,0,0,0,0,1,0,0,1,0,0,1,1,0,0,1,1,0,204,1
84,900,1,64,106,0,0.0,1.0,13,0,0,0,0,1,0,0,1,0,0,1,1,0,0,1,1,0,216,1
85,900,1,64,106,0,0.0,1.0,13,0,0,0,0,1,1,0,1,0,0,1,1,0,0,1,1,0,226,1
86,1390,30,209,1968,0,0.0,1.0,11,0,0,0,0,0,1,0,0,0,0,1,1,0,1,0,0,0,238,0
87,857,415,33,3096,0,0.0,1.0,15,0,0,0,0,1,0,0,1,0,0,1,1,0,0,1,1,0,204,1
88,857,415,33,3096,0,0.0,1.0,15,0,0,0,0,1,0,0,1,0,0,1,1,0,0,1,1,0,219,1
89,857,415,33,3096,0,0.0,1.0,15,0,0,0,0,1,0,0,1,0,0,1,1,0,0,1,1,0,216,1
90,857,415,33,3096,0,0.0,1.0,15,0,0,0,0,1,0,0,1,0,0,1,1,0,0,1,1,0,219,1
91,181,71,121,223,1,1.375,1.0,15,0,0,0,0,1,1,0,1,0,0,1,1,0,0,1,1,0,226,1
92,182,19,26,229,2,1.75,1.0,13,0,0,0,0,1,0,0,1,0,0,1,1,0,0,1,1,0,216,1
93,186,15,34,229,2,1.375,1.0,14,0,0,0,0,1,0,0,1,0,0,1,1,0,0,1,1,0,204,1
94,186,13,15,229,2,1.375,1.0,15,0,0,0,0,1,0,0,1,0,0,1,1,0,0,1,1,0,219,1
95,186,35,81,291,2,1.375,1.0,8,0,0,0,0,1,0,0,1,0,0,1,1,0,0,1,1,0,219,1
96,41900,452,897,5193,3,3.0,1.0,13,0,0,0,0,0,1,0,1,0,0,1,1,0,1,0,0,0,45,0
97,384214,101135,58,4812,0,0.0,1.0,11,0,0,0,0,1,1,0,1,0,0,1,1,0,1,1,0,0,137,0
98,11221,81,13,1033,0,0.3,1.0,12,0,0,0,0,1,1,0,1,0,0,1,1,0,0,1,0,0,126,0
99,16747,61,98,4000,0,0.0,1.0,15,0,0,0,0,1,1,0,1,0,0,1,1,0,0,0,1,0,220,0
100,1922,111,40,5075,0,0.0,1.0,10,0,0,0,0,1,1,0,2,0,0,1,1,0,1,0,0,0,216,0
101,2596,5,99,95,0,0.0,1.0,13,0,0,0,0,0,1,0,1,0,0,1,1,1,0,1,1,0,242,1
102,1585,2074,112,225,4,1.375,1.0,11,0,0,0,0,0,1,0,1,0,0,1,1,1,0,1,1,0,242,1
103,191,0,5,208,0,0.1111111111111111,1.0,15,0,0,0,0,1,0,0,1,0,0,1,1,0,0,1,1,0,211,0
104,178,1,6,183,0,0.0,1.0,15,0,0,0,0,1,0,0,1,0,0,1,1,0,0,1,1,0,211,0
105,193,0,6,218,0,0.07142857142857142,1.0,15,0,0,0,0,1,1,0,1,0,0,1,1,0,0,1,1,0,218,0
106,194,0,8,219,0,0.0,1.0,15,0,0,0,0,1,0,0,1,0,0,1,1,0,0,1,1,0,208,0
107,182,0,4,179,0,0.0,1.0,15,0,0,0,0,1,0,0,1,0,0,1,1,0,0,1,1,0,196,0
108,136,0,0,182,0,0.0,1.0,15,0,0,0,0,1,1,0,1,0,0,1,1,0,0,1,1,0,211,0
109,193,0,5,211,0,0.0,1.0,14,0,0,0,0,1,0,0,1,0,0,1,1,0,0,1,1,0,211,0
110,3181,41,172,3296,3,1.1428571428571428,1.0,10,0,0,0,0,1,1,0,2,0,0,1,1,0,1,0,0,0,177,0
111,1864,0,6,298,0,0.0,1.0,11,0,0,0,0,0,1,0,1,0,0,1,1,0,0,1,0,0,171,0
112,352,1,38,711,1,1.0,1.0,15,0,0,0,0,1,1,0,0,0,0,1,1,0,1,0,0,0,190,0
113,191,0,5,208,0,0.1111111111111111,1.0,15,0,0,0,0,1,0,0,1,0,0,1,1,0,0,1,1,0,196,0
114,178,1,6,183,0,0.0,1.0,15,0,0,0,0,1,0,0,1,0,0,1,1,0,0,1,1,0,211,0
115,177,0,2,182,0,0.0,1.0,15,0,0,0,0,1,0,0,1,0,0,1,1,0,0,1,1,0,211,0
116,194,0,0,220,0,0.0,1.0,15,0,0,0,0,1,1,0,1,0,0,1,1,0,0,1,1,0,218,0
117,195,1,5,219,0,0.0,1.0,15,0,0,0,0,1,0,0,1,0,0,1,1,0,0,1,1,0,208,0
118,193,0,6,218,0,0.07142857142857142,1.0,15,0,0,0,0,1,0,0,1,0,0,1,1,0,0,1,1,0,196,0
119,194,0,8,219,0,0.0,1.0,15,0,0,0,0,1,0,0,1,0,0,1,1,0,0,1,1,0,211,0
120,182,0,4,179,0,0.0,1.0,15,0,0,0,0,1,0,0,1,0,0,1,1,0,0,1,1,0,211,0
121,122,11,18,3664,0,0.0,1.0,15,0,0,0,0,1,1,0,0,0,0,1,1,0,1,0,0,0,137,0
122,122,11,18,3664,0,0.0,1.0,15,0,0,0,0,1,1,0,0,0,0,1,1,0,1,0,0,0,128,0
123,851101,993477,90,5237,0,0.34285714285714286,1.0,10,0,0,0,0,0,0,0,1,0,0,1,1,0,0,1,0,0,69,0
124,3181,41,172,3296,0,1.1428571428571428,1.0,10,0,0,0,0,0,1,0,1,0,0,1,1,0,1,0,0,0,153,0
125,22885,667,735,2980,0,0.0,1.0,9,0,0,0,0,1,1,0,0,0,0,1,1,0,1,1,0,0,242,0
126,93,0,19,74,1,0.6666666666666666,1.0,11,0,0,0,0,1,0,0,0,0,0,1,1,0,1,0,0,0,61,0
127,384214,101135,58,4812,0,0.0,1.0,11,0,0,0,0,1,1,0,1,0,0,1,1,0,1,1,0,0,141,0
128,949,48,128,4075,0,0.0,1.0,9,0,0,0,0,0,1,0,1,0,0,1,1,0,1,0,0,1,87,0
129,980572,404766,294,4294,0,0.0,1.0,8,0,1,0,0,1,0,0,2,0,0,1,1,1,0,1,0,1,91,1
130,6053,67,14,175,0,0.0,1.0,13,0,1,0,0,1,0,0,2,0,0,1,1,1,0,1,0,1,91,1
131,34438,15870,8285,4145,0,0.0,1.0,14,0,1,0,0,0,1,0,1,0,0,1,1,0,0,1,0,0,252,0
132,851101,993477,90,5237,0,0.34285714285714286,1.0,10,0,0,0,0,0,1,0,1,0,0,1,1,0,0,1,0,0,64,0
133,4195,12,27,3418,0,0.0,1.0,12,0,0,0,0,1,0,0,0,0,0,1,1,0,1,0,0,0,181,0
134,285,24,30,365,0,0.0,1.0,10,0,0,0,0,0,0,0,1,0,0,1,1,0,1,0,0,0,255,0
135,285,24,30,365,0,0.0,1.0,10,0,0,0,0,0,1,0,2,0,0,1,1,0,1,0,0,0,210,0
136,1730,246,615,1278,0,0.0,1.0,14,0,0,0,0,1,0,0,1,0,0,1,1,0,0,1,0,0,102,0
137,192193,105095,33,4891,0,0.05263157894736842,1.0,15,0,0,0,0,1,1,0,1,0,0,1,1,0,1,1,0,0,143,0
138,12696,300,1434,1649,0,0.0,1.0,10,0,0,0,0,1,1,0,1,0,0,1,1,0,1,0,0,0,155,0
139,633,1,0,322,0,0.0,1.0,14,0,0,0,0,1,0,0,1,0,0,1,1,0,0,1,0,1,88,0
140,63794,423,838,4511,0,0.0,1.0,9,0,0,0,0,1,1,0,2,0,0,1,1,0,0,0,0,0,62,0
141,7316,226,879,1066,0,0.0,1.0,10,0,0,0,0,1,0,0,1,0,0,1,1,0,1,0,0,0,43,0
142,15262,273,574,3417,0,0.0,1.0,13,0,0,0,0,1,0,0,2,0,0,1,1,0,0,0,0,1,74,0
143,857,415,33,3096,0,0.0,1.0,15,0,0,0,0,1,1,0,1,0,0,1,1,0,0,1,1,0,199,1
144,857,415,33,3096,0,0.0,1.0,15,0,0,0,0,1,1,0,1,0,0,1,1,0,0,1,1,0,229,1
145,857,415,33,3096,0,0.0,1.0,15,0,0,0,0,1,1,0,1,0,0,1,1,0,0,1,1,0,237,1
146,857,415,33,3096,0,0.0,1.0,15,0,0,0,0,1,1,0,1,0,0,1,1,0,0,1,1,0,217,1
147,857,415,33,3096,0,0.0,1.0,15,0,0,0,0,1,1,0,1,0,0,1,1,0,0,1,1,0,230,1
148,182,19,26,229,1,1.75,1.0,13,0,0,0,0,1,1,0,1,0,0,1,1,0,0,1,1,0,237,1
149,181,71,121,223,1,1.375,1.0,15,0,0,0,0,1,1,0,1,0,0,1,1,0,0,1,1,0,230,1
150,186,15,34,229,1,1.375,1.0,14,0,0,0,0,1,1,0,1,0,0,1,1,0,0,1,1,0,217,1
151,186,13,15,229,1,1.375,1.0,15,0,0,0,0,1,1,0,1,0,0,1,1,0,0,1,1,0,229,1
152,186,35,81,291,1,1.375,1.0,8,0,0,0,0,1,1,0,1,0,0,1,1,0,0,1,1,0,199,1
153,7803,107,119,218,0,0.0,1.0,13,0,0,0,0,1,1,0,1,0,0,1,1,0,0,1,1,0,141,0
154,7803,107,119,218,0,0.0,1.0,13,0,0,0,0,1,1,0,1,0,0,1,1,0,0,1,1,0,152,0
155,35876,561,499,3180,0,0.0,1.0,6,0,0,0,0,1,1,0,0,0,0,1,1,0,1,0,0,0,440,0
156,281,17,169,3137,1,0.5,1.0,12,0,0,0,0,1,1,0,1,0,0,1,1,0,1,0,0,0,28,0
157,232,1,14,73,0,0.0,1.0,10,0,0,0,0,1,1,0,2,0,0,1,1,1,0,1,1,0,111,0
158,232,1,14,73,0,0.0,1.0,10,0,0,0,0,1,1,0,2,0,0,1,1,1,0,1,1,0,111,0
159,2015,3,84,626,0,0.0,1.0,9,0,0,0,0,1,0,0,1,0,0,0,1,0,1,0,0,0,41,0
160,1569,2004,2311,401,0,1.0,1.0,13,0,0,0,0,1,1,0,1,0,0,1,1,0,0,1,1,0,297,1
161,1569,2004,2311,401,2,1.0,1.0,13,0,0,0,0,1,1,0,1,0,0,1,1,0,0,1,1,0,297,1
162,1244,29,294,210,0,0.0,1.0,9,0,0,0,0,1,1,0,2,0,0,1,1,0,1,0,0,0,212,0
163,561,2,71,1195,0,0.0,1.0,14,0,0,0,0,0,0,0,0,0,0,1,1,0,1,0,0,0,57,0
164,2119,355,627,2709,0,0.0,1.0,9,0,0,0,0,1,0,0,1,0,0,1,1,0,1,0,0,1,77,0
165,233,13,37,373,0,0.0,1.0,12,0,0,0,0,1,0,0,1,0,0,1,1,0,0,1,0,1,94,0
166,2975,543,538,811,1,1.0,1.0,12,0,0,0,0,1,1,0,2,0,0,1,1,1,0,1,1,0,111,0
167,13785,19,70,2849,0,0.0,1.5,15,0,0,0,0,1,1,0,1,0,0,1,1,0,0,0,1,0,191,0
168,13785,19,70,2849,0,0.0,1.5,15,0,0,0,0,1,1,0,1,0,0,1,1,0,0,0,1,0,138,0
169,191,0,5,208,0,0.1111111111111111,1.0,15,0,0,0,0,1,1,0,0,0,0,1,1,0,0,1,1,0,239,0
170,178,1,6,183,0,0.0,1.0,15,0,0,0,0,1,1,0,0,0,0,1,1,0,0,1,1,0,209,0
171,5840,49,160,2809,0,0.0,1.0,10,0,0,0,0,1,0,0,1,0,0,1,1,0,1,0,0,0,128,0
172,193,0,6,218,0,0.07142857142857142,1.0,15,0,0,0,0,0,1,0,2,0,0,1,1,0,0,1,1,0,247,0
173,194,0,8,219,0,0.0,1.0,15,0,0,0,0,1,1,0,0,0,0,1,1,0,0,1,1,0,240,0
174,182,0,4,179,0,0.0,1.0,15,0,0,0,0,1,1,0,0,0,0,1,1,0,0,1,1,0,228,0
175,136,0,0,182,0,0.0,1.0,15,0,0,0,0,1,1,0,0,0,0,1,1,0,0,1,1,0,239,0
176,193,0,5,211,0,0.0,1.0,14,0,0,0,0,1,1,0,0,0,0,1,1,0,0,1,1,0,209,0
177,524,7,65,697,0,0.0,1.0,9,0,0,0,0,1,1,0,0,0,0,1,1,0,1,0,0,0,316,0
178,13301,12,69,2849,0,0.0,1.0,11,0,0,0,0,1,1,0,1,0,0,1,1,0,0,0,1,0,191,0
179,13301,12,69,2849,0,0.0,1.0,11,0,0,0,0,1,1,0,1,0,0,1,1,0,0,0,1,0,139,0
180,136,2,51,3465,0,0.14285714285714285,1.0,13,0,0,0,0,1,0,0,1,0,0,1,1,0,0,1,0,0,129,0
181,13116,11,49,2851,0,0.0,1.0,11,0,0,0,0,1,1,0,1,0,0,1,1,0,0,0,1,0,191,0
182,13116,11,49,2851,0,0.0,1.0,11,0,0,0,0,1,1,0,1,0,0,1,1,0,0,0,1,0,138,0
183,744,32,242,2281,1,0.3333333333333333,1.0,7,0,0,0,0,1,1,0,1,0,0,1,1,0,1,0,0,0,68,0
184,194,0,0,220,0,0.0,1.0,15,0,0,0,0,0,1,0,2,0,0,1,1,0,0,1,1,0,241,0
185,195,1,5,219,0,0.0,1.0,15,0,0,0,0,1,1,0,0,0,0,1,1,0,0,1,1,0,234,0
186,193,0,6,218,0,0.07142857142857142,1.0,15,0,0,0,0,1,1,0,0,0,0,1,1,0,0,1,1,0,222,0
187,194,0,8,219,0,0.0,1.0,15,0,0,0,0,1,1,0,0,0,0,1,1,0,0,1,1,0,233,0
188,182,0,4,179,0,0.0,1.0,15,0,0,0,0,1,1,0,0,0,0,1,1,0,0,1,1,0,203,0
189,74459,28319,30526,3674,2,2.0,1.0,7,0,0,0,0,1,0,0,2,0,0,1,1,0,1,1,0,0,142,0
190,93394,2356,376,3283,0,0.0,1.0,11,0,0,0,0,1,1,0,1,0,0,1,1,0,0,1,0,0,274,0
191,2225,53,408,2511,1,0.5,1.0,7,0,0,0,0,1,1,0,1,0,0,0,1,0,1,0,0,0,61,0
192,851101,993477,90,5237,0,0.34285714285714286,1.0,10,0,0,1,0,1,1,0,1,0,0,1,1,0,0,1,0,1,100,0
193,851101,993477,90,5237,0,0.34285714285714286,1.0,10,0,0,1,0,0,1,0,1,0,0,1,1,0,0,1,0,0,64,0
194,93,0,19,74,0,0.6666666666666666,1.0,11,0,0,0,0,1,0,0,1,0,0,1,1,0,1,0,0,1,85,0
195,28465,279,1171,2608,0,0.0,1.0,7,0,1,0,0,1,0,0,1,0,0,1,1,0,0,0,0,0,145,1
196,20309,649,802,4862,0,0.0,1.0,10,0,1,0,0,0,1,0,2,0,0,1,1,0,1,1,1,0,275,1
197,383,47,405,812,0,0.0,1.0,9,0,1,0,0,1,1,0,0,0,0,1,1,0,1,0,0,0,234,0
198,383,47,405,812,0,0.0,1.0,9,0,1,0,0,1,0,0,1,0,0,1,1,0,0,0,0,0,145,1
199,355836,288998,372,4602,0,0.0,1.0,11,0,1,0,0,0,1,0,1,0,0,1,1,0,0,1,0,0,54,0
200,1653,3,243,346,0,0.0,1.0,13,0,0,0,0,1,1,0,1,0,0,1,1,0,1,0,0,0,180,0
201,25461,5710,494,4401,1,1.0,1.0,13,0,0,0,0,0,1,0,1,0,0,1,1,0,0,0,0,0,104,0
202,35518,3910,242,5445,0,0.0,1.0,10,0,0,0,0,0,1,0,1,0,0,1,1,0,1,0,0,0,30,0
203,192193,105095,33,4891,1,0.05263157894736842,1.0,15,0,0,0,0,0,1,0,1,0,0,1,1,0,1,1,0,0,130,0
204,2913,140,1573,345,0,0.0,1.0,15,0,0,0,0,1,1,0,1,0,0,1,1,0,0,1,0,0,163,0
205,192193,105095,33,4891,0,0.05263157894736842,1.0,15,0,0,0,0,1,0,0,1,0,0,1,1,0,1,1,0,0,148,0
206,192193,105095,33,4891,0,0.05263157894736842,1.0,15,0,0,0,0,1,1,0,1,0,0,1,1,0,1,1,0,0,134,0
207,9282,30,135,1271,0,0.0,1.0,13,0,0,0,0,1,1,0,1,0,0,1,1,0,0,1,1,0,277,1
208,172,4,23,161,0,0.0,1.0,12,0,0,0,0,1,1,0,1,0,0,1,1,0,0,1,1,0,277,1
209,22930,1486,1780,3052,0,0.0,1.0,7,0,0,0,0,0,1,0,2,0,0,1,1,0,1,1,0,0,262,0
210,7766,5030,384,1572,0,0.0,1.0,12,0,0,0,0,1,1,0,0,0,0,1,1,0,1,0,1,0,189,0
211,17665,737,985,4938,0,0.0,1.0,10,0,0,0,0,1,1,0,1,0,0,1,1,0,0,1,1,0,197,1
212,32532,319162,369,4963,9,4.25,1.0,11,0,0,0,0,1,1,0,1,0,0,1,1,0,0,1,1,0,197,1
213,5539,160,364,4498,0,0.0,1.0,14,0,0,0,0,1,0,0,1,0,0,1,1,0,0,1,0,1,98,0
214,23343,67,151,162,0,0.0,1.0,9,0,0,0,0,0,1,0,1,0,0,1,1,0,0,0,1,0,150,0
215,15340,5,42,2776,0,0.0,1.0,13,0,0,0,0,1,0,0,1,0,0,1,1,0,0,0,1,0,104,0
216,15340,5,42,2776,0,0.0,1.0,13,0,0,0,0,1,0,0,1,0,0,1,1,0,0,0,1,1,96,0
217,835479,1742238,81,5069,1,0.5,1.0,14,0,0,0,0,1,1,0,1,0,0,1,1,0,0,1,0,0,191,0
218,112383,2788,751,4246,0,0.0,1.0,14,0,0,0,0,0,0,0,2,0,0,1,1,0,0,1,0,0,23,0
219,1168,5,41,188,0,0.0,1.0,15,0,0,0,0,1,0,0,1,0,0,1,1,0,0,1,1,0,176,1
220,850145,1292722,160,5327,4,4.0,1.0,10,0,0,0,0,1,0,0,1,0,0,1,1,0,0,1,1,0,176,1
221,900,1,64,106,0,0.0,1.0,13,0,0,0,0,1,1,0,0,0,0,1,1,0,0,1,1,0,260,1
222,900,1,64,106,0,0.0,1.0,13,0,0,0,0,1,1,0,0,0,0,1,1,0,0,1,1,0,239,1
223,900,1,64,106,0,0.0,1.0,13,0,0,0,0,1,1,0,1,0,0,1,1,0,0,1,1,0,246,1
224,900,1,64,106,0,0.0,1.0,13,0,0,0,0,1,1,0,1,0,0,1,1,0,0,1,1,0,218,1
225,900,1,64,106,0,0.0,1.0,13,0,0,0,0,1,1,0,1,0,0,1,1,0,0,1,1,0,245,1
226,1483,201,317,3774,0,0.0,1.0,11,0,0,0,0,1,0,0,0,0,0,1,1,0,1,0,0,0,106,0
227,857,415,33,3096,0,0.0,1.0,15,0,0,0,0,1,1,0,1,0,0,1,1,0,0,1,1,0,246,1
228,857,415,33,3096,0,0.0,1.0,15,0,0,0,0,1,1,0,1,0,0,1,1,0,0,1,1,0,218,1
229,857,415,33,3096,0,0.0,1.0,15,0,0,0,0,1,1,0,0,0,0,1,1,0,0,1,1,0,260,1
230,857,415,33,3096,0,0.0,1.0,15,0,0,0,0,1,1,0,1,0,0,1,1,0,0,1,1,0,245,1
231,857,415,33,3096,0,0.0,1.0,15,0,0,0,0,1,1,0,0,0,0,1,1,0,0,1,1,0,239,1
232,182,19,26,229,2,1.75,1.0,13,0,0,0,0,1,1,0,1,0,0,1,1,0,0,1,1,0,245,1
233,181,71,121,223,2,1.375,1.0,15,0,0,0,0,1,1,0,1,0,0,1,1,0,0,1,1,0,218,1
234,186,35,81,291,2,1.375,1.0,8,0,0,0,0,1,1,0,1,0,0,1,1,0,0,1,1,0,246,1
235,186,13,15,229,2,1.375,1.0,15,0,0,0,0,1,1,0,0,0,0,1,1,0,0,1,1,0,239,1
236,186,15,34,229,2,1.375,1.0,14,0,0,0,0,1,1,0,0,0,0,1,1,0,0,1,1,0,260,1
237,28296,381,44,4488,0,0.0,1.0,11,0,0,0,0,1,0,0,1,0,0,1,1,0,0,1,0,0,105,0
238,344,3,55,135,0,0.0,1.0,10,0,0,0,0,1,0,0,1,0,0,1,1,0,0,1,0,0,133,0
239,27567,326,132,606,0,0.0,1.0,15,0,0,0,0,1,1,0,0,0,0,1,1,0,1,0,0,0,148,0
240,308,0,10,224,0,0.0,1.0,8,0,0,0,0,1,1,0,1,0,0,1,1,0,1,0,0,0,111,0
241,191,0,5,208,1,0.1111111111111111,1.0,15,0,0,0,0,1,1,0,1,0,0,1,1,0,0,1,1,0,235,0
242,178,1,6,183,0,0.0,1.0,15,0,0,0,0,1,1,0,1,0,0,1,1,0,0,1,1,0,256,0
243,193,0,6,218,0,0.07142857142857142,1.0,15,0,0,0,0,1,1,0,1,0,0,1,1,0,0,1,1,0,241,0
244,194,0,8,219,0,0.0,1.0,15,0,0,0,0,1,1,0,1,0,0,1,1,0,0,1,1,0,214,0
245,182,0,4,179,0,0.0,1.0,15,0,0,0,0,1,1,0,1,0,0,1,1,0,0,1,1,0,242,0
246,136,0,0,182,0,0.0,1.0,15,0,0,0,0,1,1,0,1,0,0,1,1,0,0,1,1,0,206,0
247,193,0,5,211,0,0.0,1.0,14,0,0,0,0,1,0,0,1,0,0,1,1,0,0,1,1,0,227,0
248,7803,107,119,218,0,0.0,1.0,13,0,0,0,0,1,0,0,1,0,0,1,1,0,0,1,1,0,120,0
249,633,1,0,322,0,0.0,1.0,14,0,0,0,0,1,0,0,1,0,0,1,1,1,0,1,0,1,94,0
250,5561,45,166,3724,0,0.0,1.0,15,0,0,0,0,1,1,0,2,0,0,1,1,0,1,0,0,0,130,0
251,4635,864,1083,1143,0,0.0,1.0,9,0,0,0,0,1,1,0,1,0,0,1,1,0,0,1,0,0,297,0
252,851101,993477,90,5237,0,0.34285714285714286,1.0,10,0,0,0,0,1,1,0,2,0,0,1,1,0,0,1,1,0,149,0
253,758,24,422,2017,0,0.0,1.0,12,0,0,0,0,1,1,0,1,0,0,1,1,0,1,0,0,0,245,0
254,464941,2890898,509,5220,25,21.5,1.0,7,0,0,0,0,1,1,0,1,0,0,1,1,0,0,1,0,0,140,0
255,2999,1944,145,370,0,0.0,1.0,13,0,0,0,0,1,0,0,1,0,0,1,1,0,0,1,0,0,116,0
256,758,24,422,2017,0,0.0,1.0,12,0,0,0,0,1,0,0,2,0,0,1,1,0,0,0,0,0,261,0
257,851101,993477,90,5237,0,0.34285714285714286,1.0,10,0,0,0,0,1,1,0,2,0,0,1,1,0,0,1,1,0,154,0
258,1015841,1053850,223,4781,1,7.0,1.0,10,1,0,0,1,1,0,0,1,0,0,1,1,0,0,1,0,1,86,0
259,1365,28,688,1380,0,0.0,1.0,8,1,0,0,1,1,1,0,1,0,0,1,1,0,1,0,0,0,69,0
260,194,0,0,220,0,0.0,1.0,15,1,0,0,1,1,1,0,1,0,0,1,1,0,0,1,1,0,206,0
261,195,1,5,219,0,0.0,1.0,15,1,0,0,1,1,1,0,1,0,0,1,1,0,0,1,1,0,179,0
262,193,0,6,218,0,0.07142857142857142,1.0,15,1,0,0,1,1,1,0,1,0,0,1,1,0,0,1,1,0,207,0
263,194,0,8,219,0,0.0,1.0,15,1,0,0,1,1,1,0,1,0,0,1,1,0,0,1,1,0,200,0
264,182,0,4,179,0,0.0,1.0,15,1,0,0,1,1,0,0,1,0,0,1,1,0,0,1,1,0,221,0
265,136,2,51,3465,0,0.14285714285714285,1.0,13,1,0,0,1,0,0,0,1,0,0,1,1,0,0,1,0,0,147,0
266,11221,81,13,1033,1,0.3,1.0,12,1,0,0,1,0,1,0,1,0,0,1,1,0,0,1,0,0,129,0
267,359,12,80,2418,0,0.0,1.0,15,1,0,0,1,1,1,0,2,0,0,1,1,0,1,0,0,0,275,0
268,15185,786,552,3974,0,0.0,1.0,7,1,0,0,1,1,1,0,1,0,0,1,1,0,0,0,0,1,96,0
269,239517,1669794,73,5052,2,1.3333333333333333,1.0,10,1,0,0,1,1,0,0,1,0,0,1,1,0,0,1,0,1,98,1
270,851101,993477,90,5237,0,0.34285714285714286,1.0,10,1,0,0,1,1,1,0,1,0,0,1,1,0,0,1,0,0,101,0
271,168039,28563,301,3936,0,1.25,1.0,13,1,0,0,1,1,0,0,1,0,0,1,1,0,0,1,1,0,107,0
272,12350,1760,2110,333,9,9.0,1.0,8,1,0,0,1,1,1,0,2,0,0,1,1,0,1,0,0,0,196,0
273,3447,1011,1012,1879,0,0.0,1.0,8,1,0,0,1,0,1,0,1,0,0,1,1,0,1,0,0,0,58,0
274,851101,993477,90,5237,0,0.34285714285714286,1.0,10,1,0,0,1,1,1,0,1,0,0,1,1,0,0,1,0,0,101,0
275,179,1,9,52,0,0.0,1.0,12,1,0,1,1,0,1,0,0,0,0,1,1,0,1,0,0,0,221,0
276,851101,993477,90,5237,2,0.34285714285714286,1.0,10,1,0,1,1,1,0,0,2,0,0,1,1,0,0,1,0,1,97,1
277,239517,1669794,73,5052,3,1.3333333333333333,1.0,10,1,0,1,1,0,1,0,1,0,0,1,1,0,0,1,0,1,92,0
278,168039,28563,301,3936,2,1.25,1.0,13,1,0,1,1,1,0,0,1,0,0,1,1,0,0,1,1,0,231,0
279,2411,377,427,705,1,1.0,1.0,8,1,0,0,1,1,1,0,1,0,0,1,1,0,0,1,0,0,184,0
280,4775,30,87,1429,0,0.0,1.0,14,1,0,0,1,1,1,0,1,0,0,1,1,0,1,0,0,0,115,0
281,4775,30,87,1429,0,0.0,1.0,14,1,0,0,1,1,1,0,1,0,0,1,1,0,1,0,0,0,112,0
282,4775,30,87,1429,0,0.0,1.0,14,1,0,0,1,1,1,0,1,0,0,1,1,0,1,0,0,0,117,0
283,21585,1340,1407,4854,0,0.0,1.0,11,1,0,0,1,0,1,0,0,0,0,1,1,0,1,0,0,0,50,0
284,303,6,119,756,0,0.0,1.0,14,1,1,0,1,1,1,0,0,0,0,0,1,0,0,0,0,0,218,0
285,26910,1052,583,2046,0,0.0,1.0,11,1,1,0,1,1,1,0,2,0,0,1,1,1,0,1,0,0,279,0
286,66540,402,473,4504,12,12.0,1.0,15,1,1,0,1,1,1,0,2,0,0,1,1,0,1,0,0,0,193,0
287,12720,298,300,4218,0,0.0,1.0,11,1,1,0,1,1,0,0,0,0,0,0,1,0,0,0,0,1,81,0
288,63,1,48,460,1,1.0,1.0,11,1,1,0,1,0,1,0,1,0,0,1,1,0,1,0,0,0,58,0
289,32532,319162,369,4963,0,4.25,1.0,11,1,0,0,1,1,1,0,1,0,0,1,1,0,0,1,1,0,197,0
290,49979,2066,4996,2682,0,0.0,1.0,9,1,0,0,1,0,0,0,1,0,0,1,1,0,1,0,0,0,38,0
291,6105,155,161,3076,0,0.0,1.0,8,1,0,0,1,0,1,0,1,0,0,1,1,0,0,0,0,0,46,0
292,2409,134,136,3956,0,0.0,1.0,9,1,0,0,1,1,1,0,0,0,0,1,1,0,1,0,0,0,156,0
293,1018,290,354,295,0,0.0,1.0,8,1,0,0,1,1,0,0,1,0,0,1,1,0,1,1,0,0,137,0
294,257,0,49,102,0,0.0,1.0,15,1,0,0,1,1,1,0,1,0,0,1,1,0,0,1,1,0,230,1
295,2873,59,1055,311,0,0.0,1.0,13,1,0,0,1,1,1,0,1,0,0,1,1,0,0,1,1,0,230,1
296,857,415,33,3096,0,0.0,1.0,15,1,0,0,1,1,0,0,1,0,0,1,1,0,0,1,1,0,233,1
297,857,415,33,3096,0,0.0,1.0,15,1,0,0,1,1,0,0,1,0,0,1,1,0,0,1,1,0,242,1
298,857,415,33,3096,0,0.0,1.0,15,1,0,0,1,1,1,0,1,0,0,1,1,0,0,1,1,0,222,1
299,857,415,33,3096,0,0.0,1.0,15,1,0,0,1,1,1,0,1,0,0,1,1,0,0,1,1,0,229,1
300,857,415,33,3096,0,0.0,1.0,15,1,0,0,1,1,1,0,1,0,0,1,1,0,0,1,1,0,230,1
301,182,19,26,229,4,1.75,1.0,13,1,0,0,1,1,1,0,1,0,0,1,1,0,0,1,1,0,230,1
302,186,15,34,229,1,1.375,1.0,14,1,0,0,1,1,1,0,1,0,0,1,1,0,0,1,1,0,229,1
303,181,71,121,223,1,1.375,1.0,15,1,0,0,1,1,1,0,1,0,0,1,1,0,0,1,1,0,222,1
304,186,35,81,291,1,1.375,1.0,8,1,0,0,1,1,0,0,1,0,0,1,1,0,0,1,1,0,242,1
305,186,13,15,229,1,1.375,1.0,15,1,0,0,1,1,0,0,1,0,0,1,1,0,0,1,1,0,233,1
306,9744,268,333,4353,0,0.0,1.0,12,1,0,0,1,1,1,0,0,0,0,1,1,0,0,0,0,0,185,0
307,22827,2060,2362,599,0,0.0,1.0,15,1,0,0,1,1,1,0,0,0,0,1,1,0,1,1,0,0,170,1
308,4127,7,56,1265,0,0.0,1.0,12,1,0,0,1,1,1,0,0,0,0,1,1,0,0,0,0,0,272,0
309,209,25,142,83,0,0.0,1.0,13,1,0,0,1,1,1,0,2,0,0,1,1,0,0,1,0,0,150,0
310,1089,89,325,106,0,0.0,1.0,11,1,0,0,1,0,0,0,2,0,0,1,1,0,0,1,0,0,30,0
311,171382,1477,212,4487,0,0.0,1.0,15,1,0,0,1,1,1,0,1,0,0,1,1,0,0,1,0,1,90,1
312,177629,1462,1293,3592,0,0.0,1.0,13,1,0,0,1,1,1,0,1,0,0,1,1,0,0,1,0,1,90,1
313,15586,496,503,3797,0,0.0,1.0,15,1,0,0,1,1,0,0,0,0,0,1,1,0,0,0,0,1,91,0
314,335487,59226,4352,4628,0,0.0,1.0,9,1,0,0,1,1,0,0,0,0,0,1,1,0,1,0,0,1,91,1
315,14902,273,440,4093,0,0.0,1.0,15,1,0,0,1,1,1,0,0,0,0,1,1,0,1,1,0,0,170,1
316,7803,107,119,218,0,0.0,1.0,13,1,0,0,1,1,0,0,1,0,0,1,1,0,0,1,1,0,115,0
317,35876,561,499,3180,0,0.0,1.0,6,1,0,0,1,1,0,0,1,0,0,1,1,0,0,1,0,1,79,1
318,8278,296,374,653,0,0.0,1.0,13,1,0,0,1,0,1,0,0,0,0,1,1,1,0,0,0,0,257,1
319,7803,107,119,218,0,0.0,1.0,13,1,0,0,1,0,1,0,1,0,0,1,1,0,0,1,1,0,107,0
320,49763,3105,4967,1556,0,0.0,1.0,9,1,0,0,1,1,1,0,0,0,0,1,1,0,1,1,0,0,170,1
321,536,29,1428,282,0,0.0,1.0,14,1,0,0,1,1,1,0,2,0,0,1,1,0,0,1,0,0,123,1
322,26910,1052,583,2046,0,0.0,1.0,11,1,0,0,1,1,0,0,0,0,0,1,1,0,0,1,0,0,273,0
323,7555,104,214,1506,0,0.0,1.0,9,1,0,0,1,1,1,0,1,0,0,1,1,0,0,1,0,0,302,1
324,58342,5562,6125,567,0,0.0,1.0,15,1,0,0,1,1,1,0,0,0,0,1,1,0,1,1,0,0,170,1
325,5354,63,1227,1024,0,0.0,1.0,9,1,0,0,1,1,1,0,1,0,0,1,1,0,0,1,0,0,302,1
326,9601,1645,2276,3329,2,2.0,1.0,8,1,0,0,1,1,0,0,0,0,0,1,1,0,0,1,0,0,167,0
327,15828,5624,4676,3986,0,0.0,1.0,10,1,0,0,1,1,1,0,0,0,0,1,1,0,1,1,0,0,170,1
328,28787,2285,5001,606,0,0.0,1.0,14,1,0,0,1,1,1,0,0,0,0,1,1,0,1,1,0,0,170,1
329,182401,355,596,2194,0,0.0,1.0,8,1,0,0,1,0,1,0,0,0,0,1,1,1,0,0,0,0,257,1
330,851101,993477,90,5237,0,0.34285714285714286,1.0,10,1,0,0,1,1,0,0,1,0,0,1,1,0,0,1,1,0,117,0
331,320364,108418,932,5085,0,0.0,1.0,11,1,0,0,1,1,1,0,1,0,0,1,1,0,0,1,0,0,190,0
332,851101,993477,90,5237,0,0.34285714285714286,1.0,10,1,0,0,1,1,1,0,1,0,0,1,1,0,0,1,1,0,109,0
333,55412,2724,619,2183,0,0.0,1.0,10,1,0,0,1,1,1,0,0,0,0,1,1,0,1,1,0,0,170,1
334,218,10,62,852,0,0.0,1.0,12,1,0,0,1,1,1,0,0,0,0,1,1,0,1,0,0,0,219,0
335,4848,152,900,1449,0,0.0,1.0,11,1,0,0,1,1,0,0,2,0,0,1,1,0,0,1,0,0,148,1
336,14615,2687,4727,142,0,0.0,1.0,9,1,0,0,1,1,1,0,0,0,0,1,1,0,1,1,0,0,170,1
337,56327,2760,2694,4046,0,0.0,1.0,8,1,0,0,1,1,1,0,1,0,0,1,1,0,0,1,0,0,302,1
338,117662,3315,323,4296,0,0.0,1.0,12,1,0,0,1,0,1,0,1,0,0,1,1,0,0,1,0,0,185,1
339,345252,117556,212,3690,2,2.0,1.0,9,1,0,0,1,0,1,0,1,0,0,1,1,0,0,1,0,0,185,1
340,27,0,3,129,0,0.0,1.0,15,1,0,0,1,1,1,0,1,0,0,1,1,0,0,1,1,0,193,0
341,27,0,5,115,0,0.0,1.0,15,1,0,0,1,1,1,0,1,0,0,1,1,0,0,1,1,0,192,0
342,27,0,5,115,0,0.0,1.0,15,1,0,0,1,1,1,0,1,0,0,1,1,0,0,1,1,0,185,0
343,27,0,3,129,0,0.0,1.0,15,1,0,0,1,1,0,0,1,0,0,1,1,0,0,1,1,0,206,0
344,27,0,3,129,0,0.0,1.0,9,1,0,0,1,1,0,0,1,0,0,1,1,0,0,1,1,0,196,0
345,28,0,3,129,0,0.0,1.0,15,1,0,0,1,1,1,0,1,0,0,1,1,0,0,1,1,0,193,0
346,28,0,3,129,0,0.0,1.0,15,1,0,0,1,1,1,0,1,0,0,1,1,0,0,1,1,0,192,0
347,28,0,3,129,0,0.0,1.0,15,1,0,0,1,1,1,0,1,0,0,1,1,0,0,1,1,0,185,0
348,28,0,0,129,0,0.0,1.0,15,1,0,0,1,1,0,0,1,0,0,1,1,0,0,1,1,0,206,0
349,28,0,1,129,0,0.0,1.0,15,1,0,0,1,1,0,0,1,0,0,1,1,0,0,1,1,0,196,0
350,3675,157,147,1330,1,0.5,1.0,10,1,0,0,1,1,1,0,0,0,0,1,1,0,0,1,0,0,154,0
351,851101,993477,90,5237,0,0.34285714285714286,1.0,10,1,0,0,1,0,0,0,1,0,0,1,1,0,0,1,0,0,107,0
352,6336,2648,3440,4423,0,0.0,1.0,8,1,0,0,1,1,1,0,0,0,0,1,1,0,1,1,0,0,170,1
353,19011,19016,186,391,36,36.0,1.0,12,1,0,0,1,1,1,0,0,0,0,1,1,0,1,1,0,0,170,1
354,17606,1405,2053,2720,1,1.0,1.0,9,1,0,0,1,1,0,0,0,0,0,1,1,0,1,0,0,1,91,1
355,76217,173,2320,192,0,0.0,1.0,14,1,0,0,1,1,1,0,1,0,0,1,1,0,0,1,0,0,302,1
356,1471,22,52,1051,0,0.0,1.0,7,1,0,0,1,1,1,0,1,0,0,1,1,0,0,1,0,0,302,1
357,28,0,3,129,0,0.0,1.0,13,1,0,0,1,1,1,0,1,0,0,1,1,0,0,1,1,0,193,0
358,28,0,3,129,0,0.0,1.0,15,1,0,0,1,1,1,0,1,0,0,1,1,0,0,1,1,0,192,0
359,28,0,3,129,0,0.0,1.0,15,1,0,0,1,1,1,0,1,0,0,1,1,0,0,1,1,0,185,0
360,28,0,3,129,0,0.0,1.0,13,1,0,0,1,1,0,0,1,0,0,1,1,0,0,1,1,0,206,0
361,28,0,3,129,0,0.0,1.0,15,1,0,0,1,1,0,0,1,0,0,1,1,0,0,1,1,0,196,0
362,34906,20238,1875,5110,0,0.0,1.0,5,1,0,0,1,0,0,0,1,0,0,1,1,0,0,1,0,0,58,1
363,34906,20238,1875,5110,0,0.0,1.0,5,1,0,0,1,1,1,0,1,0,0,1,1,0,0,1,0,0,302,1
364,84891,165346,739,3561,5,48.0,1.0,11,1,0,0,1,0,0,0,1,0,0,1,1,0,0,1,0,0,58,1
365,84891,165346,739,3561,91,48.0,1.0,11,1,0,0,1,1,1,0,1,0,0,1,1,0,0,1,0,0,302,1
366,1320,57,124,1399,0,0.0,1.0,8,1,0,0,1,1,1,0,1,0,0,1,1,0,1,0,0,1,80,0
367,41018,6144,430,2652,0,0.0,1.0,11,1,0,0,1,0,1,0,0,0,0,1,1,1,0,0,0,0,257,1
368,3307,506,55,891,30,30.0,1.0,14,1,0,0,1,0,1,0,0,0,0,1,1,1,0,0,0,0,257,1
369,335487,59226,4352,4628,0,0.0,1.0,9,1,0,0,1,0,1,0,2,0,0,1,1,0,1,0,0,0,201,1
370,202961,657,616,3144,0,0.0,1.0,9,1,0,0,1,1,0,0,1,0,0,1,1,0,0,1,0,1,79,1
371,3446,72,200,316,6,6.0,1.0,11,1,0,0,1,0,1,0,2,0,0,1,1,0,1,0,0,0,201,1
372,1178763,3246,5000,4552,0,0.0,1.0,9,1,0,0,1,1,0,0,1,0,0,1,1,0,0,1,0,1,79,1
373,11578,258,301,4040,1,1.0,1.0,6,1,0,0,1,1,1,0,0,0,0,1,1,0,0,0,0,0,63,0
374,70820,584,1463,5115,0,0.0,1.0,13,1,0,0,1,1,0,0,1,0,0,1,1,0,0,0,0,1,94,0
375,4420,128,28,3660,0,0.0,1.0,13,1,0,0,1,1,1,0,1,0,0,1,1,0,1,1,0,0,181,1
376,5561,45,166,3724,0,0.0,1.0,15,0,0,0,1,1,0,0,0,0,0,1,1,0,1,0,0,0,113,0
377,267600,25365,114,4655,0,0.0,1.0,9,0,0,0,1,0,0,0,1,0,0,1,1,0,0,1,0,1,89,0
378,24339,432,299,4110,0,0.0,1.0,7,0,0,0,1,1,0,0,1,0,0,1,1,1,0,1,0,0,303,0
379,6485,13,105,594,1,1.0,1.0,14,0,0,0,1,1,0,0,1,0,0,1,1,0,1,0,0,0,123,0
380,851101,993477,90,5237,1,0.34285714285714286,1.0,10,0,0,0,1,0,1,0,1,0,0,1,1,0,0,1,0,1,95,0
381,27,4,55,279,0,0.0,1.0,15,0,0,0,1,1,1,0,1,0,0,1,1,0,1,0,0,0,107,0
382,464941,2890898,509,5220,24,21.5,1.0,7,0,0,0,1,0,1,0,1,0,0,1,1,0,0,1,1,0,125,0
383,851101,993477,90,5237,1,0.34285714285714286,1.0,10,0,0,0,1,1,0,0,1,0,0,1,1,0,0,1,0,1,89,0
384,130420,6465,3788,3833,1,1.0,1.0,8,0,0,0,1,1,1,0,2,0,0,1,1,0,1,0,0,0,164,0
385,143763,14875,16292,5005,0,0.0,1.0,12,0,0,0,1,1,1,0,1,0,0,1,1,0,0,1,1,0,137,0
386,71726,649,718,4836,0,0.0,1.0,12,0,0,0,1,1,1,0,2,0,0,1,1,0,0,0,0,1,88,0
387,851101,993477,90,5237,0,0.34285714285714286,1.0,10,0,0,0,1,1,0,0,1,0,0,1,1,0,0,1,0,1,89,0
388,4466,113,129,4700,0,0.0,1.0,12,0,0,0,1,1,1,0,0,0,0,1,1,0,0,0,0,0,132,0
389,18570,164,273,5042,0,0.0,1.0,9,0,0,0,1,1,0,0,2,0,0,1,1,0,0,1,0,0,148,1
390,78207,109,10,1275,0,0.0,1.0,7,0,0,0,1,1,0,0,1,0,0,1,1,0,0,1,0,0,129,0
391,192193,105095,33,4891,0,0.05263157894736842,1.0,15,0,0,0,1,1,1,0,1,0,0,1,1,0,1,1,0,0,116,0
392,59441,4734,4765,4993,3,3.0,1.0,13,0,0,0,1,0,1,0,0,0,0,1,1,0,0,0,0,0,162,0
393,107668,11126,9594,1141,1,1.0,1.0,13,0,0,0,1,1,1,0,0,0,0,1,1,0,1,1,0,0,163,0
394,4051,10,355,437,1,1.0,1.0,9,0,0,0,1,1,1,0,0,0,0,1,1,0,1,0,0,0,325,0
395,851101,993477,90,5237,0,0.34285714285714286,1.0,10,0,0,0,1,1,0,0,1,0,0,1,1,0,0,1,0,1,92,0
396,8802,15,36,1698,0,0.0,1.0,15,0,0,0,1,0,1,0,0,0,0,1,1,0,1,0,0,1,74,0
397,851101,993477,90,5237,0,0.34285714285714286,1.0,10,0,0,0,1,1,0,0,1,0,0,1,1,0,0,1,0,1,82,0
398,451,11,56,655,0,0.0,1.0,13,0,0,0,1,1,1,0,0,0,0,1,1,0,0,0,0,0,258,0
399,240,76,84,345,0,0.0,1.0,14,0,0,0,1,1,1,0,0,0,0,1,1,0,0,0,0,0,212,1
400,14613,1135,221,5152,0,0.0,1.0,12,0,0,0,1,1,1,0,1,0,0,1,1,0,0,0,1,0,108,0
401,215844,184767,231,5081,0,1.0,1.0,15,0,0,1,1,1,1,0,1,0,0,1,1,0,1,1,0,0,145,0
402,10266,301,324,2601,0,0.0,1.0,9,0,0,1,1,0,0,0,0,0,0,1,1,0,1,0,0,0,47,0
403,2460,813,2195,1908,1,1.0,1.0,13,0,0,1,1,1,0,0,2,0,0,1,1,0,0,1,0,0,213,0
404,851101,993477,90,5237,1,0.34285714285714286,1.0,10,0,0,1,1,0,0,0,1,0,0,1,1,0,0,1,0,1,85,0
405,343615,37365,23235,4879,34,34.0,1.0,7,0,0,1,1,1,0,0,1,0,0,1,1,0,0,1,0,1,79,1
406,1438,3,103,166,0,0.0,1.0,6,0,0,1,1,1,1,0,1,0,0,1,1,0,0,1,0,0,165,1
407,168039,28563,301,3936,2,1.25,1.0,13,0,0,1,1,1,0,0,1,0,0,1,1,1,0,1,1,0,139,0
408,26069,112,181,4943,0,0.0,1.0,15,0,0,1,1,1,0,0,1,0,0,1,1,0,0,1,0,1,79,1
409,15828,5624,4676,3986,0,0.0,1.0,10,0,0,1,1,1,0,0,1,0,0,1,1,0,0,1,0,1,79,1
410,2333993,8527808,31,5240,7,6.333333333333333,1.0,9,0,0,1,1,1,1,0,1,0,0,1,1,0,0,1,0,0,165,1
411,3543,21,191,919,0,0.0,1.0,9,0,0,1,1,1,0,0,2,0,0,1,1,0,0,0,0,0,212,0
412,1025,40,191,5160,0,0.0,1.0,7,0,0,1,1,1,1,0,0,0,0,1,1,0,1,0,0,0,116,0
413,1015841,1053850,223,4781,33,7.0,1.0,10,0,0,1,1,1,0,0,1,0,0,1,1,0,0,1,0,1,79,1
414,317,19,121,700,0,0.0,1.0,12,0,0,1,1,1,1,0,1,0,0,1,1,0,1,1,1,0,209,0
415,239517,1669794,73,5052,1,1.3333333333333333,1.0,10,0,0,1,1,1,1,0,1,0,0,1,1,0,0,1,0,0,112,0
416,136,2,51,3465,0,0.14285714285714285,1.0,13,0,0,1,1,0,0,0,1,0,0,1,1,0,0,1,0,0,133,0
417,100136,29824,183,4223,11,11.0,1.0,13,0,0,1,1,1,0,0,1,0,0,1,1,0,0,1,0,0,63,0
418,73881,243275,568,2396,59,59.0,1.0,13,0,0,1,1,1,0,0,2,0,0,1,1,0,0,1,0,0,148,1
419,851101,993477,90,5237,2,0.34285714285714286,1.0,10,0,0,0,1,0,1,0,1,0,0,1,1,0,0,1,0,1,94,1
420,47639,235,626,3800,0,0.0,1.0,9,0,0,0,1,0,0,0,2,0,0,1,1,0,0,1,0,0,58,0
421,79046,52117,25618,4029,0,0.0,1.0,9,0,0,0,1,0,1,0,1,0,0,1,1,0,0,1,0,0,114,0
422,384214,101135,58,4812,0,0.0,1.0,11,0,0,0,1,0,0,0,1,0,0,1,1,0,1,1,0,0,132,0
423,295,144,17,3406,0,0.0,1.0,13,0,0,0,1,1,0,0,1,0,0,1,1,0,0,1,0,0,47,0
424,239517,1669794,73,5052,0,1.3333333333333333,1.0,10,0,0,0,1,1,0,0,1,0,0,1,1,0,0,1,0,0,108,0
425,7518,117,534,4978,0,0.0,1.0,8,0,0,0,1,1,0,0,1,0,0,1,1,0,0,0,0,0,62,0
426,88620,1494,1387,5291,0,0.0,1.0,11,0,0,0,1,0,1,0,0,0,0,1,1,0,0,0,0,0,116,0
427,2640,20,430,3099,3,3.0,1.0,10,0,1,0,1,0,1,0,1,0,0,1,1,0,1,0,0,1,74,0
428,23042,2764,2569,1095,2,2.0,1.0,9,0,0,0,1,1,1,0,1,0,0,1,1,0,0,1,0,0,186,0
429,192193,105095,33,4891,0,0.05263157894736842,1.0,15,0,0,0,1,0,1,0,1,0,0,1,1,1,1,1,0,0,137,0
430,192193,105095,33,4891,0,0.05263157894736842,1.0,15,0,0,0,1,0,1,0,1,0,0,1,1,0,1,1,0,0,146,0
431,464941,2890898,509,5220,17,21.5,1.0,7,0,0,0,1,1,1,0,1,0,0,1,1,0,0,1,1,0,165,0
432,93,0,19,74,1,0.6666666666666666,1.0,11,0,0,0,1,1,1,0,0,0,0,1,1,0,1,0,0,0,285,0
433,7457,9606,9768,5189,0,0.0,1.0,14,0,0,0,1,1,1,0,0,0,0,1,1,0,1,0,0,0,130,0
434,31755,484,2150,4172,0,0.0,1.0,12,0,0,0,1,1,1,0,1,0,0,1,1,0,0,1,1,0,287,1
435,31755,484,2150,4172,0,0.0,1.0,12,0,0,0,1,1,1,0,1,0,0,1,1,1,0,1,1,0,298,1
436,43827,227,880,4482,0,0.0,1.0,13,0,0,0,1,1,1,0,1,0,0,1,1,0,0,1,1,0,287,1
437,43827,227,880,4482,0,0.0,1.0,13,0,0,0,1,1,1,0,1,0,0,1,1,1,0,1,1,0,298,1
438,17665,737,985,4938,0,0.0,1.0,10,0,0,0,1,1,1,0,1,0,0,1,1,1,0,1,1,0,298,1
439,32532,319162,369,4963,2,4.25,1.0,11,0,0,0,1,1,1,0,1,0,0,1,1,1,0,1,1,0,298,1
440,17665,737,985,4938,0,0.0,1.0,10,0,0,0,1,1,1,0,1,0,0,1,1,0,0,1,1,0,287,1
441,32532,319162,369,4963,6,4.25,1.0,11,0,0,0,1,1,1,0,1,0,0,1,1,0,0,1,1,0,287,1
442,1585,125,228,4683,0,0.0,1.0,11,0,0,0,1,1,0,0,2,0,0,1,1,0,0,1,0,1,81,0
443,6665,1024,2042,920,1,1.0,1.0,10,0,0,0,1,1,1,0,0,0,0,1,1,0,1,0,0,0,276,0
444,914,3,177,305,1,1.0,1.0,9,0,0,0,1,1,1,0,0,0,0,1,1,0,1,0,0,0,184,0
445,851101,993477,90,5237,1,0.34285714285714286,1.0,10,0,0,0,1,0,0,0,2,0,0,1,1,0,0,1,0,1,88,1
446,192193,105095,33,4891,0,0.05263157894736842,1.0,15,0,0,0,1,1,0,0,1,0,0,1,1,0,1,1,0,0,148,0
447,857,415,33,3096,0,0.0,1.0,15,0,0,0,1,1,0,0,1,0,0,1,1,0,0,1,1,0,221,1
448,857,415,33,3096,0,0.0,1.0,15,0,0,0,1,1,1,0,1,0,0,1,1,0,0,1,1,0,220,1
449,857,415,33,3096,0,0.0,1.0,15,0,0,0,1,0,0,0,1,0,0,1,1,0,0,1,1,0,217,1
450,857,415,33,3096,0,0.0,1.0,15,0,0,0,1,1,0,0,1,0,0,1,1,0,0,1,1,0,211,1
451,857,415,33,3096,0,0.0,1.0,15,0,0,0,1,1,0,0,1,0,0,1,1,0,0,1,1,0,216,1
452,186,35,81,291,1,1.375,1.0,8,0,0,0,1,1,0,0,1,0,0,1,1,0,0,1,1,0,211,1
453,182,19,26,229,1,1.75,1.0,13,0,0,0,1,0,0,0,1,0,0,1,1,0,0,1,1,0,217,1
454,186,15,34,229,1,1.375,1.0,14,0,0,0,1,1,1,0,1,0,0,1,1,0,0,1,1,0,220,1
455,186,13,15,229,1,1.375,1.0,15,0,0,0,1,1,0,0,1,0,0,1,1,0,0,1,1,0,216,1
456,181,71,121,223,2,1.375,1.0,15,0,0,0,1,1,0,0,1,0,0,1,1,0,0,1,1,0,221,1
457,686,5,212,1981,2,2.0,1.0,9,0,0,0,1,1,1,0,2,0,0,1,1,0,1,0,0,0,285,0
458,114,6,78,90,0,0.0,1.0,11,0,0,0,1,1,1,0,1,0,0,1,1,0,0,1,0,0,102,0
459,2537,39,377,2173,1,1.0,1.0,10,0,0,0,1,1,1,0,0,0,0,1,1,0,1,0,0,1,100,0
460,15150,454,337,4165,0,0.0,1.0,7,0,0,0,1,1,1,0,0,0,0,1,1,0,1,0,0,0,282,0
461,17347,724,429,4231,0,0.0,1.0,7,0,0,0,1,1,1,0,1,0,0,1,1,0,1,0,0,0,143,0
462,204,10,38,493,1,1.0,1.0,10,0,0,0,1,0,1,0,1,0,0,1,1,0,0,1,1,1,92,0
463,1585,2074,112,225,1,1.375,1.0,11,0,0,0,1,1,1,0,1,0,0,1,1,1,0,1,1,0,292,0
464,99,5,39,322,0,0.0,1.0,12,0,0,0,1,0,1,0,2,0,0,0,1,0,1,0,0,0,132,0
465,191,0,5,208,0,0.1111111111111111,1.0,15,0,0,0,1,1,0,0,1,0,0,1,1,0,0,1,1,0,202,0
466,178,1,6,183,0,0.0,1.0,15,0,0,0,1,1,0,0,1,0,0,1,1,0,0,1,1,0,207,0
467,193,0,6,218,0,0.07142857142857142,1.0,15,0,0,0,1,1,0,0,1,0,0,1,1,0,0,1,1,0,197,0
468,194,0,8,219,0,0.0,1.0,15,0,0,0,1,0,0,0,1,0,0,1,1,0,0,1,1,0,203,0
469,182,0,4,179,0,0.0,1.0,15,0,0,0,1,1,1,0,1,0,0,1,1,0,0,1,1,0,207,0
470,7803,107,119,218,0,0.0,1.0,13,0,0,0,1,1,1,0,1,0,0,1,1,0,0,1,1,0,142,0
471,136,0,0,182,0,0.0,1.0,15,0,0,0,1,1,0,0,1,0,0,1,1,0,0,1,1,0,202,0
472,193,0,5,211,0,0.0,1.0,14,0,0,0,1,1,0,0,1,0,0,1,1,0,0,1,1,0,207,0
473,7803,107,119,218,0,0.0,1.0,13,0,0,0,1,1,1,0,1,0,0,1,1,0,0,1,1,0,132,0
474,191,0,5,208,0,0.1111111111111111,1.0,15,0,0,0,0,1,0,0,1,0,0,1,1,0,0,1,1,0,207,0
475,194,0,0,220,0,0.0,1.0,15,0,0,0,0,1,0,0,1,0,0,1,1,0,0,1,1,0,197,0
476,268,5,41,2323,0,0.0,1.0,9,0,0,0,0,1,1,0,1,0,0,1,1,0,0,1,1,0,207,1
477,195,1,5,219,0,0.0,1.0,15,0,0,0,0,0,0,0,1,0,0,1,1,0,0,1,1,0,203,0
478,193,0,6,218,1,0.07142857142857142,1.0,15,0,0,0,0,1,1,0,1,0,0,1,1,0,0,1,1,0,207,1
479,194,0,8,219,0,0.0,1.0,15,0,0,0,0,1,0,0,1,0,0,1,1,0,0,1,1,0,202,0
480,182,0,4,179,0,0.0,1.0,15,0,0,0,0,1,0,0,1,0,0,1,1,0,0,1,1,0,207,0
481,11757,1132,328,4703,0,0.0,1.0,10,0,0,0,0,0,1,0,1,0,0,1,1,0,0,1,1,0,288,0
482,39562,2270,41,2279,0,0.0,1.0,11,0,0,0,0,0,1,0,1,0,0,1,1,0,0,1,0,1,87,0
483,851101,993477,90,5237,0,0.34285714285714286,1.0,10,0,0,0,0,0,0,0,1,0,0,1,1,0,0,1,0,1,85,0
484,3066,34,104,2604,0,0.0,1.0,10,0,0,1,0,0,1,0,1,0,0,1,1,0,1,0,0,1,79,0
485,16394,528,521,4426,0,0.0,1.0,12,0,0,1,0,0,0,0,0,0,0,1,1,0,1,0,0,1,81,0
486,744,32,242,2281,0,0.3333333333333333,1.0,7,0,0,0,0,1,0,0,0,0,0,1,1,0,1,0,0,0,64,0
487,23373,1068,841,855,0,0.0,1.0,10,0,0,0,0,0,1,0,0,0,0,1,1,0,1,0,0,1,85,0
488,62581,22716,608,4787,0,4.0,1.0,12,0,0,0,0,1,1,0,1,0,0,1,1,0,1,1,0,0,181,1
489,512,7,39,993,0,0.0,1.0,9,0,0,0,0,0,0,0,2,0,0,1,1,0,1,0,0,0,54,0
490,9895,144,284,5047,0,0.0,1.0,8,0,1,0,0,0,0,0,1,0,0,1,1,0,0,1,0,0,52,0
491,192193,105095,33,4891,0,0.05263157894736842,1.0,15,0,0,0,0,1,1,0,1,0,0,1,1,0,1,1,0,0,148,0
492,192193,105095,33,4891,0,0.05263157894736842,1.0,15,0,0,0,0,0,0,0,1,0,0,1,1,1,1,1,0,0,139,0
493,452,6,7,80,0,0.0,1.0,15,0,0,0,0,1,1,0,0,0,0,1,1,0,1,1,0,0,195,0
494,4642,102,129,433,0,0.0,1.0,13,0,0,0,0,1,1,0,1,0,0,1,1,0,0,1,0,0,177,1
495,2603,125,1408,1401,0,0.0,1.0,14,0,0,0,0,1,1,0,0,0,0,1,1,0,1,0,0,0,297,0
496,11221,81,13,1033,1,0.3,1.0,12,0,0,0,0,0,0,0,1,0,0,1,1,0,0,1,0,0,133,0
497,11221,81,13,1033,1,0.3,1.0,12,0,0,0,0,0,0,0,1,0,0,1,1,0,0,1,0,0,134,0
498,21414,443,282,4918,0,0.0,1.0,7,0,0,0,0,1,1,0,0,0,0,1,1,0,1,0,0,0,198,0
499,14116,97,245,630,6,6.0,1.0,11,0,0,0,0,1,1,0,0,0,0,1,1,0,1,0,0,1,77,0
500,7803,107,119,218,0,0.0,1.0,13,0,0,0,0,1,0,0,1,0,0,1,1,0,0,1,1,0,118,0
501,7803,107,119,218,0,0.0,1.0,13,0,0,0,0,0,1,0,1,0,0,1,1,0,0,1,1,0,112,0
502,25053,113,163,1081,0,0.0,1.0,11,0,0,0,0,1,1,0,1,0,0,1,1,0,0,0,1,0,168,0
503,25053,113,163,1081,0,0.0,1.0,11,0,0,0,0,1,1,0,1,0,0,1,1,0,0,0,1,0,153,0
504,105,5,37,102,0,0.0,1.0,10,0,0,0,0,1,1,0,1,0,0,1,1,0,0,0,0,0,211,0
505,25053,113,163,1081,0,0.0,1.0,11,0,0,0,0,1,0,0,1,0,0,1,1,0,0,0,1,0,164,0
506,192193,105095,33,4891,0,0.05263157894736842,1.0,15,0,0,0,0,1,0,0,1,0,0,1,1,0,1,1,0,0,149,0
507,3181,41,172,3296,3,1.1428571428571428,1.0,10,0,0,0,0,1,0,0,0,0,0,1,1,0,1,0,0,0,290,0
508,851101,993477,90,5237,0,0.34285714285714286,1.0,10,0,0,0,0,0,1,0,1,0,0,1,1,0,0,1,1,1,85,0
509,20816,105,165,3513,0,0.0,1.0,12,0,0,0,0,1,1,0,1,0,0,1,1,0,0,0,1,0,168,0
510,20816,105,165,3513,0,0.0,1.0,12,0,0,0,0,1,1,0,1,0,0,1,1,0,0,0,1,0,153,0
511,192193,105095,33,4891,0,0.05263157894736842,1.0,15,0,0,0,0,1,0,0,1,0,0,1,1,0,1,1,0,0,149,0
512,11087,59,81,2124,0,0.0,1.0,12,0,0,0,0,1,1,0,1,0,0,1,1,0,0,0,1,0,169,0
513,11087,59,81,2124,0,0.0,1.0,12,0,0,0,0,1,1,0,1,0,0,1,1,0,0,0,1,0,154,0
514,11087,59,81,2124,0,0.0,1.0,12,0,0,0,0,1,0,0,1,0,0,1,1,0,0,0,1,0,204,0
515,23746,79,137,179,0,0.0,1.0,14,0,0,0,0,1,1,0,1,0,0,1,1,0,0,0,1,0,168,0
516,23746,79,137,179,0,0.0,1.0,14,0,0,0,0,1,1,0,1,0,0,1,1,0,0,0,1,0,153,0
517,24383,219,136,534,0,0.0,1.0,10,0,0,0,0,1,0,0,1,0,0,1,1,0,0,0,1,0,164,0
518,20879,423,106,155,0,0.0,1.0,11,0,0,0,0,1,0,0,1,0,0,1,1,0,0,0,1,0,164,0
519,24528,71,102,162,0,0.0,1.0,8,0,0,0,0,1,0,0,1,0,0,1,1,0,0,0,1,0,164,0
520,1136,99,613,3758,0,0.0,1.0,10,0,0,0,0,1,1,0,1,0,0,1,1,0,1,0,0,0,122,0
521,24243,74,97,178,0,0.0,1.0,9,0,0,0,0,1,1,0,1,0,0,1,1,0,0,0,1,0,158,0
522,23746,79,137,179,0,0.0,1.0,14,0,0,0,0,1,0,0,1,0,0,1,1,0,0,0,1,0,164,0
523,321856,1811,971,3967,0,0.0,1.0,13,0,0,0,0,0,0,0,1,0,0,1,1,0,0,1,0,1,85,1
524,239517,1669794,73,5052,1,1.3333333333333333,1.0,10,0,0,0,0,0,0,0,1,0,0,1,1,0,0,1,0,1,85,1
525,15567,58,150,116,0,0.0,1.0,11,0,0,0,0,1,1,0,1,0,0,1,1,0,0,0,1,0,158,0
526,11085,58,73,3833,0,0.0,1.0,15,0,0,0,0,1,1,0,1,0,0,1,1,0,0,0,1,0,169,0
527,11085,58,73,3833,0,0.0,1.0,15,0,0,0,0,1,1,0,1,0,0,1,1,0,0,0,1,0,154,0
528,12332,63,494,3754,0,0.0,1.0,13,0,0,0,0,1,1,0,1,0,0,1,1,0,0,0,1,0,158,0
529,11085,58,73,3833,0,0.0,1.0,15,0,0,0,0,1,0,0,1,0,0,1,1,0,0,0,1,0,204,0
530,12243,46,276,210,1,1.0,1.0,13,0,0,0,0,1,0,0,1,0,0,1,1,0,1,0,0,1,74,0
531,22403,67,80,162,0,0.0,1.0,13,0,0,0,0,1,0,0,1,0,0,1,1,0,0,0,1,0,164,0
532,23337,72,73,162,0,0.0,1.0,15,0,0,0,0,1,0,0,1,0,0,1,1,0,0,0,1,0,164,0
533,21047,67,64,218,0,0.0,1.0,12,0,0,0,0,1,1,0,1,0,0,1,1,0,0,0,1,0,169,0
534,21047,67,64,218,0,0.0,1.0,12,0,0,0,0,1,1,0,1,0,0,1,1,0,0,0,1,0,154,0
535,24660,85,177,179,0,0.0,1.0,15,0,0,0,0,1,1,0,1,0,0,1,1,0,0,0,1,0,168,0
536,11394,50,63,96,0,0.0,1.0,10,0,0,0,0,1,1,0,1,0,0,1,1,0,0,0,1,0,169,0
537,11394,50,63,96,0,0.0,1.0,10,0,0,0,0,1,1,0,1,0,0,1,1,0,0,0,1,0,154,0
538,24660,85,177,179,0,0.0,1.0,15,0,0,0,0,1,1,0,1,0,0,1,1,0,0,0,1,0,153,0
539,13065,71,279,97,0,0.0,1.0,14,0,0,0,0,1,1,0,1,0,0,1,1,0,0,0,1,0,158,0
540,11706,241,403,4392,0,0.0,1.0,14,0,0,0,0,0,1,0,1,0,0,1,1,0,0,0,0,1,74,0
541,15139,62,85,2418,0,0.0,1.0,15,0,0,0,0,1,0,0,1,0,0,1,1,0,0,0,1,0,164,0
542,11394,50,63,96,0,0.0,1.0,10,0,0,0,0,1,0,0,1,0,0,1,1,0,0,0,1,0,204,0
543,21047,67,64,218,0,0.0,1.0,12,0,0,0,0,1,0,0,1,0,0,1,1,0,0,0,1,0,164,0
544,24660,85,177,179,0,0.0,1.0,15,0,0,0,0,1,0,0,1,0,0,1,1,0,0,0,1,0,164,0
545,20812,70,75,155,0,0.0,1.0,11,0,0,0,0,1,1,0,1,0,0,1,1,0,0,0,1,0,169,0
546,20812,70,75,155,0,0.0,1.0,11,0,0,0,0,1,1,0,1,0,0,1,1,0,0,0,1,0,154,0
547,20812,70,75,155,0,0.0,1.0,11,0,0,0,0,1,0,0,1,0,0,1,1,0,0,0,1,0,164,0
548,22208,68,129,154,0,0.0,1.0,13,0,0,0,0,1,0,0,1,0,0,1,1,0,0,0,1,0,164,0
549,15567,58,150,116,0,0.0,1.0,11,0,0,0,0,1,0,0,1,0,0,1,1,0,0,0,1,0,164,0
550,24457,65,87,178,0,0.5,1.0,14,0,0,0,0,1,1,0,1,0,0,1,1,0,0,0,1,0,158,0
551,23092,70,136,162,0,0.0,1.0,11,0,0,0,0,1,1,0,1,0,0,1,1,0,0,0,1,0,158,0
552,24528,71,102,162,0,0.0,1.0,8,0,0,0,0,1,0,0,1,0,0,1,1,0,0,0,1,0,164,0
553,9857,222,377,4369,0,0.0,1.0,8,0,0,0,0,0,1,0,2,0,0,1,1,0,1,0,0,1,83,0
554,13065,71,279,97,0,0.0,1.0,14,0,0,0,0,1,0,0,1,0,0,1,1,0,0,0,1,0,164,0
555,89,1,302,239,0,0.0,1.0,10,0,0,0,0,1,1,0,1,0,0,1,1,0,1,1,0,0,111,0
556,22403,67,80,162,0,0.0,1.0,13,0,0,0,0,1,0,0,1,0,0,1,1,0,0,0,1,0,164,0
557,23343,67,151,162,0,0.0,1.0,9,0,0,0,0,1,0,0,1,0,0,1,1,0,0,0,1,0,164,0
558,239517,1669794,73,5052,0,1.3333333333333333,1.0,10,0,0,0,0,1,0,0,1,0,0,1,1,0,0,1,0,0,104,0
559,22403,67,80,162,0,0.0,1.0,13,0,0,0,0,1,0,0,1,0,0,1,1,0,0,0,1,0,164,0
560,12332,63,494,3754,0,0.0,1.0,13,0,0,0,0,1,0,0,1,0,0,1,1,0,0,0,1,0,164,0
561,3181,41,172,3296,1,1.1428571428571428,1.0,10,0,0,0,0,1,1,0,0,0,0,1,1,0,1,0,0,0,284,0
562,3181,41,172,3296,0,1.1428571428571428,1.0,10,0,0,0,0,0,1,0,0,0,0,1,1,0,1,0,0,0,230,0
563,22208,68,129,154,0,0.0,1.0,13,0,0,0,0,1,1,0,1,0,0,1,1,0,0,0,1,0,158,0
564,3181,41,172,3296,1,1.1428571428571428,1.0,10,0,0,0,0,0,1,0,0,0,0,1,1,0,1,0,0,0,275,0
565,7036,36,31,3833,0,0.0,1.0,7,0,0,0,0,1,1,0,0,0,0,1,1,0,1,0,0,0,255,0
566,857,415,33,3096,0,0.0,1.0,15,0,0,0,0,1,1,0,0,0,0,1,1,0,0,1,1,0,216,1
567,857,415,33,3096,0,0.0,1.0,15,0,0,0,0,1,1,0,0,0,0,1,1,0,0,1,1,0,203,1
568,857,415,33,3096,0,0.0,1.0,15,0,0,0,0,1,1,0,2,0,0,1,1,0,0,1,1,0,220,1
569,857,415,33,3096,0,0.0,1.0,15,0,0,0,0,0,1,0,2,0,0,1,1,0,0,1,1,0,210,1
570,857,415,33,3096,0,0.0,1.0,15,0,0,0,0,1,1,0,2,0,0,1,1,0,0,1,1,0,224,1
571,3181,41,172,3296,0,1.1428571428571428,1.0,10,0,0,0,0,1,0,0,0,0,0,1,1,0,1,0,0,0,259,0
572,23343,67,151,162,0,0.0,1.0,9,0,0,0,0,1,1,0,1,0,0,1,1,0,0,0,1,0,158,0
573,181,71,121,223,1,1.375,1.0,15,0,0,0,0,1,1,0,0,0,0,1,1,0,0,1,1,0,203,1
574,186,35,81,291,1,1.375,1.0,8,0,0,0,0,1,1,0,2,0,0,1,1,0,0,1,1,0,224,1
575,182,19,26,229,1,1.75,1.0,13,0,0,0,0,1,1,0,2,0,0,1,1,0,0,1,1,0,220,1
576,186,13,15,229,1,1.375,1.0,15,0,0,0,0,0,1,0,2,0,0,1,1,0,0,1,1,0,210,1
577,186,15,34,229,1,1.375,1.0,14,0,0,0,0,1,1,0,0,0,0,1,1,0,0,1,1,0,216,1
578,2015,3,84,626,0,0.0,1.0,9,0,0,0,0,0,1,0,1,0,0,0,1,0,1,0,0,0,57,0
579,23092,70,136,162,0,0.0,1.0,11,0,0,0,0,1,0,0,1,0,0,1,1,0,0,0,1,0,164,0
580,20879,423,106,155,0,0.0,1.0,11,0,0,0,0,1,1,0,1,0,0,1,1,0,0,0,1,0,169,0
581,20879,423,106,155,0,0.0,1.0,11,0,0,0,0,1,1,0,1,0,0,1,1,0,0,0,1,0,154,0
582,239517,1669794,73,5052,0,1.3333333333333333,1.0,10,0,0,0,0,0,0,0,1,0,0,1,1,0,0,1,0,1,92,0
583,820,88,149,3250,0,0.0,1.0,10,1,0,0,0,1,1,0,2,0,0,1,1,0,1,0,0,0,152,0
584,191,0,5,208,0,0.1111111111111111,1.0,15,1,0,0,0,1,1,0,1,0,0,1,1,0,0,1,1,0,199,0
585,178,1,6,183,0,0.0,1.0,15,1,0,0,0,1,1,0,1,0,0,1,1,0,0,1,1,0,205,0
586,193,0,6,218,0,0.07142857142857142,1.0,15,1,0,0,0,1,0,0,1,0,0,1,1,0,0,1,1,0,192,0
587,194,0,8,219,0,0.0,1.0,15,1,0,0,0,1,1,0,1,0,0,1,1,0,0,1,1,0,213,0
588,182,0,4,179,0,0.0,1.0,15,1,0,0,0,1,1,0,1,0,0,1,1,0,0,1,1,0,210,0
589,136,0,0,182,0,0.0,1.0,15,1,0,0,0,1,1,0,1,0,0,1,1,0,0,1,1,0,199,0
590,193,0,5,211,0,0.0,1.0,14,1,0,0,0,1,1,0,1,0,0,1,1,0,0,1,1,0,205,0
591,321856,1811,971,3967,0,0.0,1.0,13,1,0,0,0,1,1,0,1,0,0,1,1,0,0,1,1,0,197,1
592,117662,3315,323,4296,0,0.0,1.0,12,1,0,0,0,1,0,0,1,0,0,1,1,0,0,1,1,0,172,1
593,117662,3315,323,4296,0,0.0,1.0,12,1,0,0,0,1,1,0,1,0,0,1,1,0,0,1,1,0,197,1
594,464941,2890898,509,5220,24,21.5,1.0,7,1,0,0,0,1,1,0,1,0,0,1,1,0,0,1,1,0,197,1
595,633,1,0,322,0,0.0,1.0,14,1,0,0,0,1,0,0,1,0,0,1,1,0,0,1,0,0,109,0
596,464941,2890898,509,5220,20,21.5,1.0,7,1,0,0,0,1,0,0,1,0,0,1,1,0,0,1,1,0,172,1
597,136,2,51,3465,0,0.14285714285714285,1.0,13,1,0,0,0,1,1,0,1,0,0,1,1,0,0,1,0,0,167,0
598,7994,413,943,4169,0,0.0,1.0,10,1,0,0,0,1,1,0,1,0,0,1,1,0,1,1,0,0,181,1
599,194,0,0,220,0,0.0,1.0,15,1,0,0,0,1,0,0,1,0,0,1,1,0,0,1,1,0,192,0
600,195,1,5,219,0,0.0,1.0,15,1,0,0,0,1,1,0,1,0,0,1,1,0,0,1,1,0,213,0
601,193,0,6,218,0,0.07142857142857142,1.0,15,1,0,0,0,1,1,0,1,0,0,1,1,0,0,1,1,0,210,0
602,194,0,8,219,0,0.0,1.0,15,1,0,0,0,1,1,0,1,0,0,1,1,0,0,1,1,0,199,0
603,182,0,4,179,0,0.0,1.0,15,1,0,0,0,1,1,0,1,0,0,1,1,0,0,1,1,0,205,0
604,851101,993477,90,5237,0,0.34285714285714286,1.0,10,1,0,0,0,0,0,0,1,0,0,1,1,0,0,1,0,0,105,0
605,1015841,1053850,223,4781,0,7.0,1.0,10,1,0,1,0,0,1,0,1,0,0,1,1,0,0,1,0,1,84,0
606,810,14,34,587,0,0.0,1.0,10,1,0,1,0,1,1,0,0,0,0,1,1,0,0,1,0,0,155,0
607,41698,458,407,3992,0,0.0,1.0,14,1,0,1,0,1,1,0,1,0,0,1,1,0,0,1,0,0,177,1
608,851101,993477,90,5237,0,0.34285714285714286,1.0,10,1,0,1,0,0,1,0,1,0,0,1,1,0,0,1,0,1,73,0
609,11302,51,191,1122,0,0.0,1.0,10,1,0,1,0,1,1,0,1,0,0,1,1,0,0,1,0,0,177,1
610,136,2,51,3465,0,0.14285714285714285,1.0,13,1,0,1,0,0,1,0,1,0,0,1,1,0,0,1,0,0,134,0
611,902,15,171,183,0,0.0,1.0,10,1,0,0,0,1,1,0,1,0,0,1,1,0,1,1,0,0,181,1
612,38495,1148,1274,1113,0,0.0,1.0,12,1,0,0,0,1,1,0,0,0,0,1,1,0,0,0,0,0,113,0
613,40948,613,515,4854,0,0.0,1.0,14,1,0,0,0,1,1,0,1,0,0,1,1,0,1,0,0,0,45,0
614,600,3,30,124,0,0.0,1.0,11,1,0,0,0,1,1,0,1,0,0,1,1,0,1,0,0,0,160,1
615,63,0,7,683,0,0.0,1.0,9,1,0,0,0,1,1,0,0,0,0,1,1,0,1,0,0,1,96,0
616,28374,3326,3132,1074,0,0.0,1.0,12,1,0,0,0,1,1,0,0,0,0,1,1,0,0,0,0,0,49,0
617,62581,22716,608,4787,8,4.0,1.0,12,1,0,0,0,1,1,0,1,0,0,1,1,0,1,1,0,0,181,1
618,6144,52,237,1759,1,1.0,1.0,11,1,0,0,0,1,1,0,0,0,0,1,1,0,1,0,0,0,105,0
619,835479,1742238,81,5069,0,0.5,1.0,14,1,1,0,0,1,0,0,1,0,0,1,1,0,0,1,0,0,124,0
620,5278,92,150,1681,0,0.0,1.0,12,1,0,0,0,1,1,0,1,0,0,1,1,0,1,1,0,1,89,0
621,16431,1109,624,3947,0,0.0,1.0,12,1,0,0,0,1,1,0,1,0,0,1,1,0,0,1,0,0,177,1
622,35876,561,499,3180,0,0.0,1.0,6,1,0,0,0,1,1,0,0,0,0,1,1,0,1,0,0,0,289,0
623,90067,4523,3301,1141,10,5.0,1.0,7,1,0,0,0,1,1,0,0,0,0,1,1,0,0,1,1,0,257,0
624,6775,135,37,560,0,0.0,1.0,8,1,0,0,0,1,1,0,1,0,0,1,1,0,0,1,0,0,177,1
625,594,20,0,690,0,0.25,1.0,15,1,0,0,0,0,1,0,1,0,0,1,1,0,0,1,1,0,261,0
626,1172,7,2,562,0,0.25,1.0,13,1,0,0,0,0,1,0,1,0,0,1,1,0,0,1,1,0,261,0
627,90067,4523,3301,1141,0,5.0,1.0,7,1,0,0,0,1,1,0,2,0,0,1,1,0,1,0,0,0,287,0
628,34416,8268,8190,830,0,0.0,1.0,11,1,0,0,0,1,1,0,0,0,0,1,1,0,1,0,0,0,279,1
629,67328,1003,1332,4782,0,0.0,1.0,8,1,0,0,0,1,1,0,0,0,0,1,1,0,1,0,0,0,279,1
630,2225,90,154,1304,0,0.0,1.0,15,1,0,0,0,0,0,0,2,0,0,0,1,0,0,1,0,0,23,0
631,2066,350,469,3877,4,4.0,1.0,9,1,0,0,0,1,1,0,0,0,0,1,1,0,1,0,0,0,245,0
632,7803,107,119,218,0,0.0,1.0,13,1,0,0,0,1,0,0,1,0,0,1,1,0,0,1,1,0,119,0
633,7803,107,119,218,0,0.0,1.0,13,1,0,0,0,0,1,0,1,0,0,1,1,0,0,1,1,0,109,0
634,1521,6,27,604,0,0.0,1.0,15,1,0,0,0,1,1,0,0,0,0,1,1,0,1,0,0,0,329,0
635,172724,236,220,3948,0,0.0,1.0,13,1,0,0,0,1,1,0,1,0,0,1,1,0,0,1,0,0,177,1
636,4258,868,1135,3345,0,0.0,1.0,9,1,0,0,0,0,1,0,1,0,0,1,1,0,1,1,1,0,136,0
637,1688690,4701210,4,5166,1,1.0,1.0,8,1,0,0,0,0,0,0,1,0,0,1,1,0,0,1,0,1,90,0
638,24243,74,97,178,0,0.0,1.0,9,1,0,0,0,1,1,0,1,0,0,1,1,0,0,0,1,0,280,0
639,2000,69,140,4472,0,0.0,1.0,8,1,0,0,0,1,0,0,1,0,0,1,1,0,0,1,1,0,233,0
640,31486,94,628,1039,0,0.0,1.0,9,1,0,0,0,1,1,0,1,0,0,1,1,0,0,1,0,0,177,1
641,24457,65,87,178,1,0.5,1.0,14,1,0,0,0,1,1,0,1,0,0,1,1,0,0,0,0,0,230,0
642,5278,92,150,1681,0,0.0,1.0,12,1,0,0,0,0,1,0,2,0,0,1,1,0,1,1,0,0,154,0
643,24339,96,111,178,0,0.0,1.0,15,1,0,0,0,1,1,0,1,0,0,1,1,0,0,0,1,0,268,0
644,807,5,50,357,1,1.0,1.0,15,1,0,0,0,1,1,0,1,0,0,1,1,0,1,0,0,0,160,1
645,857,415,33,3096,0,0.0,1.0,15,1,0,0,0,1,1,0,1,0,0,1,1,0,0,1,1,0,236,1
646,857,415,33,3096,0,0.0,1.0,15,1,0,0,0,1,1,0,1,0,0,1,1,0,0,1,1,0,198,1
647,857,415,33,3096,0,0.0,1.0,15,1,0,0,0,1,1,0,1,0,0,1,1,0,0,1,1,0,216,1
648,857,415,33,3096,0,0.0,1.0,15,1,0,0,0,1,1,0,1,0,0,1,1,0,0,1,1,0,228,1
649,857,415,33,3096,0,0.0,1.0,15,1,0,0,0,1,1,0,1,0,0,1,1,0,0,1,1,0,229,1
650,186,15,34,229,1,1.375,1.0,14,1,0,0,0,1,1,0,1,0,0,1,1,0,0,1,1,0,236,1
651,186,13,15,229,1,1.375,1.0,15,1,0,0,0,1,1,0,1,0,0,1,1,0,0,1,1,0,229,1
652,181,71,121,223,1,1.375,1.0,15,1,0,0,0,1,1,0,1,0,0,1,1,0,0,1,1,0,216,1
653,186,35,81,291,1,1.375,1.0,8,1,0,0,0,1,1,0,1,0,0,1,1,0,0,1,1,0,228,1
654,182,19,26,229,1,1.75,1.0,13,1,0,0,0,1,1,0,1,0,0,1,1,0,0,1,1,0,198,1
655,3476,94,128,845,0,0.0,1.0,7,1,0,0,0,1,1,0,1,0,0,1,1,0,0,1,0,0,177,1
656,79886,324,135,3890,0,0.0,1.0,10,1,0,0,0,1,1,0,1,0,0,1,1,0,0,1,0,0,177,1
657,7844,6,9,120,0,0.0,1.0,9,1,0,0,0,1,1,0,1,0,0,1,1,0,0,1,0,0,177,1
658,51077,349,445,5139,0,0.0,1.0,8,1,0,0,0,1,1,0,1,0,0,1,1,0,0,1,0,0,177,1
659,54699,838,430,4249,0,0.0,1.0,12,1,0,0,0,1,1,0,1,0,0,1,1,0,0,1,0,0,177,1
660,17713,61,9,4924,0,0.0,1.0,9,1,0,0,0,1,1,0,1,0,0,1,1,0,0,1,0,0,186,0
661,2247,172,267,4101,0,0.0,1.0,7,1,0,0,0,1,1,0,2,0,0,1,1,0,0,0,0,0,220,1
662,21048,54,62,155,0,0.0,1.0,13,1,0,0,0,1,1,0,1,0,0,1,1,0,0,0,1,0,166,0
663,7892,79,2453,921,0,0.0,1.0,15,1,0,0,0,1,0,0,1,0,0,1,1,0,0,1,0,1,91,1
664,69342,327,704,4710,0,0.0,1.0,8,1,0,0,0,1,1,0,1,0,0,1,1,0,0,1,0,0,177,1
665,239517,1669794,73,5052,2,1.3333333333333333,1.0,10,1,0,0,0,1,0,0,1,0,0,1,1,0,0,1,0,1,91,1
666,464941,2890898,509,5220,36,21.5,1.0,7,1,0,0,0,0,1,0,1,0,0,1,1,0,0,1,1,0,152,0
667,11386,262,300,314,0,0.0,1.0,14,1,0,0,0,1,1,0,0,0,0,1,1,1,0,1,0,0,110,1
668,21401,55,61,156,0,0.0,1.0,13,1,0,0,0,1,1,0,1,0,0,1,1,0,0,0,1,0,166,0
669,464941,2890898,509,5220,19,21.5,1.0,7,1,0,0,0,1,0,0,1,0,0,1,1,0,0,1,1,0,121,0
670,21957,69,81,155,0,0.0,1.0,12,1,0,0,0,1,1,0,1,0,0,1,1,0,0,0,1,0,166,0
671,222892,468,1076,4084,0,0.0,1.0,15,1,0,0,0,1,1,0,1,0,0,1,1,0,0,1,0,0,177,1
672,11139,7851,1620,5008,0,0.0,1.0,10,1,0,0,0,1,1,0,0,0,0,1,1,0,1,0,0,0,279,1
673,464941,2890898,509,5220,42,21.5,1.0,7,1,0,0,0,1,1,0,1,0,0,1,1,0,0,1,1,0,121,0
674,183455,137,624,1823,0,0.0,1.0,10,1,0,0,0,1,1,0,1,0,0,1,1,0,0,1,0,0,177,1
675,851101,993477,90,5237,0,0.34285714285714286,1.0,10,1,0,0,0,1,1,0,1,0,0,1,1,0,0,1,0,1,95,0
676,851101,993477,90,5237,0,0.34285714285714286,1.0,10,1,0,0,0,1,1,0,1,0,0,1,1,0,0,1,0,1,74,0
677,104068,350,1747,883,0,0.0,1.0,9,1,0,0,0,1,1,0,1,0,0,1,1,0,0,1,0,0,177,1
678,191,0,5,208,0,0.1111111111111111,1.0,15,1,0,0,0,1,1,0,1,0,0,1,1,0,0,1,1,0,216,0
679,178,1,6,183,0,0.0,1.0,15,1,0,0,0,1,1,0,1,0,0,1,1,0,0,1,1,0,186,0
680,804,225,350,4162,0,0.0,1.0,12,1,0,0,0,1,1,0,1,0,0,1,1,0,0,1,0,1,95,0
681,193,0,6,218,0,0.07142857142857142,1.0,15,1,0,0,0,0,1,0,1,0,0,1,1,0,0,1,1,0,224,0
682,194,0,8,219,0,0.0,1.0,15,1,0,0,0,1,1,0,1,0,0,1,1,0,0,1,1,0,217,0
683,182,0,4,179,0,0.0,1.0,15,1,0,0,0,1,1,0,0,0,0,1,1,0,0,1,1,0,205,0
684,136,0,0,182,0,0.0,1.0,15,1,0,0,0,1,1,0,1,0,0,1,1,0,0,1,1,0,216,0
685,193,0,5,211,0,0.0,1.0,14,1,0,0,0,1,1,0,1,0,0,1,1,0,0,1,1,0,186,0
686,11221,81,13,1033,0,0.3,1.0,12,1,0,0,0,1,0,0,1,0,0,1,1,0,0,1,0,0,127,0
687,11221,81,13,1033,0,0.3,1.0,12,1,0,0,0,1,0,0,1,0,0,1,1,0,0,1,0,0,132,0
688,148891,1313,1103,4372,0,0.0,1.0,6,0,0,0,0,1,1,0,1,0,0,1,1,0,0,1,0,0,177,1
689,231331,1059,1144,3853,0,0.0,1.0,13,0,0,0,0,1,1,0,1,0,0,1,1,0,0,1,0,0,177,1
690,64134,202,716,1228,0,0.0,1.0,8,0,0,0,0,1,1,0,1,0,0,1,1,0,0,1,0,0,177,1
691,18205,14,37,2773,0,0.0,1.0,12,0,0,0,0,1,1,0,1,0,0,1,1,0,0,0,1,0,150,0
692,52140,91,2255,1691,0,0.0,1.0,13,0,0,0,0,1,1,0,1,0,0,1,1,0,0,1,0,0,177,1
693,18145,10,36,2803,0,0.0,1.0,15,0,0,0,0,1,1,0,1,0,0,1,1,0,0,0,1,0,150,0
694,3675,157,147,1330,0,0.5,1.0,10,0,0,0,0,1,1,0,0,0,0,1,1,0,0,1,0,0,120,0
695,13521,779,1137,1612,0,0.0,1.0,10,0,0,0,0,1,1,0,1,0,0,1,1,0,0,1,0,0,177,1
696,18513,11,37,2803,0,0.0,1.0,15,0,0,0,0,1,1,0,1,0,0,1,1,0,0,0,1,0,150,0
697,25886,75,318,2188,0,0.0,1.0,9,0,0,0,0,1,1,0,1,0,0,1,1,0,0,1,0,0,177,1
698,51764,391,322,4042,0,0.0,1.0,8,0,0,0,0,1,1,0,0,0,0,1,1,0,1,0,0,0,279,1
699,754,12,200,130,0,0.0,1.0,8,0,0,0,0,1,1,0,1,0,0,1,1,0,0,1,0,0,177,1
700,1763,84,304,2481,0,0.0,1.0,12,0,0,0,0,1,1,0,1,0,0,1,1,0,0,1,0,0,177,1
701,15551,132,1141,702,0,0.0,1.0,10,0,0,0,0,1,1,0,1,0,0,1,1,0,0,1,0,0,177,1
702,90758,1245,1405,3316,0,0.0,1.0,12,0,0,0,0,1,1,0,1,0,0,1,1,0,0,1,0,0,177,1
703,1015841,1053850,223,4781,0,7.0,1.0,10,0,0,0,0,1,0,0,1,0,0,1,1,0,0,1,0,1,84,0
704,4791,490,4501,1238,0,0.0,1.0,14,0,0,0,0,1,1,0,1,0,0,1,1,0,0,1,0,0,177,1
705,194,0,0,220,0,0.0,1.0,15,0,0,0,0,0,1,0,1,0,0,1,1,0,0,1,1,0,224,0
706,195,1,5,219,0,0.0,1.0,15,0,0,0,0,1,1,0,1,0,0,1,1,0,0,1,1,0,217,0
707,193,0,6,218,0,0.07142857142857142,1.0,15,0,0,0,0,1,1,0,0,0,0,1,1,0,0,1,1,0,205,0
708,194,0,8,219,0,0.0,1.0,15,0,0,0,0,1,1,0,1,0,0,1,1,0,0,1,1,0,216,0
709,182,0,4,179,0,0.0,1.0,15,0,0,0,0,1,1,0,1,0,0,1,1,0,0,1,1,0,186,0
710,9349,88,92,928,0,0.0,1.0,8,0,0,0,0,1,1,0,1,0,0,1,1,0,0,1,0,0,177,1
711,284242,1293,2019,3399,0,0.0,1.0,15,0,0,0,0,1,1,0,1,0,0,1,1,0,0,1,0,0,177,1
712,321856,1811,971,3967,0,0.0,1.0,13,0,0,0,0,0,1,0,1,0,0,1,1,0,0,1,0,0,105,1
713,136928,492,903,2446,0,0.0,1.0,15,0,0,0,0,1,1,0,1,0,0,1,1,0,0,1,0,0,177,1
714,41436,232,2720,3473,0,0.0,1.0,15,0,0,0,0,1,1,0,0,0,0,1,1,0,1,0,0,0,279,1
715,14415,179,268,1162,0,0.0,1.0,8,0,0,0,0,1,1,0,1,0,0,1,1,0,0,1,0,0,177,1
716,7,0,18,448,0,0.0,1.0,12,0,0,0,0,1,1,0,1,0,0,1,1,0,0,1,0,0,177,1
717,6887,77,1139,3513,0,0.0,1.0,9,0,0,0,0,0,1,0,1,0,0,1,1,0,0,1,0,0,105,1
718,48293,67,108,1344,0,0.0,1.0,8,0,0,0,0,1,1,0,1,0,0,1,1,0,0,1,0,0,177,1
719,32189,839,264,3697,0,0.0,1.0,10,0,0,0,0,1,1,0,1,0,0,1,1,0,0,1,0,0,177,1
720,107682,505,393,1414,0,0.0,1.0,8,0,0,0,0,1,1,0,1,0,0,1,1,0,0,1,0,0,177,1
721,239517,1669794,73,5052,4,1.3333333333333333,1.0,10,0,0,0,0,0,1,0,1,0,0,1,1,0,0,1,0,0,105,1
722,126136,1789,2353,3945,0,0.0,1.0,12,0,0,0,0,1,1,0,1,0,0,1,1,0,0,1,0,0,177,1
723,66060,346,308,4318,0,0.0,1.0,9,0,0,0,0,1,1,0,1,0,0,1,1,0,0,1,0,0,177,1
724,10833,756,3543,1263,1,17.0,1.0,10,0,0,0,0,1,1,0,1,0,0,1,1,0,1,0,0,0,60,0
725,101831,3416,4991,2355,0,0.0,1.0,11,0,0,0,0,1,1,0,1,0,0,1,1,0,0,1,0,0,177,1
726,159,1,151,1409,0,0.0,1.0,7,0,0,0,0,0,1,0,1,0,0,1,1,0,1,0,0,0,190,0
727,10833,756,3543,1263,33,17.0,1.0,10,0,0,0,0,1,1,0,2,0,0,1,1,0,1,0,0,1,86,0
728,4708,172,318,228,0,0.0,1.0,15,0,0,0,0,1,1,0,0,0,0,1,1,0,1,0,0,0,308,0
729,11555,263,295,4950,0,0.0,1.0,8,0,0,0,0,1,1,0,1,0,0,1,1,0,0,1,0,0,177,1
730,2753,0,35,284,0,0.0,1.0,15,0,0,0,0,1,1,0,1,0,0,1,1,0,0,1,0,0,177,1
731,1981,10,270,398,0,0.0,1.0,13,0,0,0,0,1,1,0,1,0,0,1,1,0,0,1,0,0,177,1
732,416,20,7,190,0,0.0,1.0,7,0,0,0,0,1,1,0,1,0,0,1,1,0,0,1,0,0,111,0
733,27098,389,2138,1205,0,0.0,1.0,15,0,0,0,0,1,1,0,1,0,0,1,1,0,0,1,0,0,177,1
734,18679,8,28,995,0,0.0,1.0,9,0,0,0,0,1,1,0,1,0,0,1,1,0,0,1,0,0,177,1
735,11267,3661,606,1367,0,0.0,1.0,14,0,0,0,0,1,1,0,1,0,0,1,1,0,1,1,0,0,329,1
736,28451,153,433,3129,0,0.0,1.0,8,0,0,0,0,1,1,0,1,0,0,1,1,0,0,1,0,0,177,1
737,94097,742087,1369,1260,1202,1202.0,1.0,11,0,0,0,0,1,1,0,1,0,0,1,1,0,0,1,0,0,177,1
738,851101,993477,90,5237,1,0.34285714285714286,1.0,10,0,0,1,0,1,0,0,1,0,0,1,1,0,0,1,0,1,87,0
739,851101,993477,90,5237,2,0.34285714285714286,1.0,10,0,0,1,0,1,0,0,1,0,0,1,1,0,0,1,0,1,85,1
740,4635,864,1083,1143,0,0.0,1.0,9,0,0,1,0,1,1,0,1,0,0,1,1,0,1,1,0,0,290,0
741,130658,1239,665,3236,0,0.0,1.0,13,0,0,1,0,0,1,0,2,0,0,1,1,0,0,0,0,0,154,0
742,136,2,51,3465,1,0.14285714285714285,1.0,13,0,0,1,0,0,1,0,1,0,0,1,1,0,0,1,0,0,171,0
743,18583,285,244,4380,0,0.0,1.0,11,0,0,1,0,1,1,0,2,0,0,1,1,0,1,0,0,0,101,0
744,317,19,121,700,0,0.0,1.0,12,0,0,1,0,0,1,0,1,0,0,1,1,0,1,1,1,0,187,0
745,67654,17050,455,1616,10,10.0,1.0,11,0,0,1,0,1,1,0,2,0,0,1,1,0,0,0,0,0,220,1
746,80217,578,799,5023,0,0.0,1.0,14,0,0,1,0,1,1,0,0,0,0,1,1,0,1,0,0,0,279,1
747,4863,56,82,127,0,0.0,1.0,12,0,0,0,0,1,1,0,1,0,0,1,1,1,0,1,1,0,306,1
748,4201,25,65,115,0,0.0,1.0,10,0,0,0,0,1,1,0,1,0,0,1,1,1,0,1,1,0,306,1
749,3978,18,69,111,0,0.0,1.0,10,0,0,0,0,1,1,0,1,0,0,1,1,1,0,1,1,0,306,1
750,5283,50,96,132,0,0.0,1.0,10,0,0,0,0,1,1,0,1,0,0,1,1,1,0,1,1,0,306,1
751,4945,48,99,129,0,4.5,1.0,11,0,0,0,0,1,1,0,1,0,0,1,1,1,0,1,1,0,306,1
752,5420,162,178,156,0,0.0,1.0,10,0,0,0,0,1,1,0,1,0,0,1,1,1,0,1,1,0,306,1
753,5702,188,223,153,0,0.0,1.0,13,0,0,0,0,1,1,0,1,0,0,1,1,1,0,1,1,0,306,1
754,3082,90,101,129,0,0.0,1.0,12,0,0,0,0,1,1,0,1,0,0,1,1,1,0,1,1,0,306,1
755,4253,65,103,132,9,4.5,1.0,14,0,0,0,0,1,1,0,1,0,0,1,1,1,0,1,1,0,306,1
756,5283,50,96,132,0,0.0,1.0,10,0,0,0,0,1,1,0,1,0,0,1,1,1,0,1,1,0,298,1
757,3978,18,69,111,0,0.0,1.0,10,0,0,0,0,1,1,0,1,0,0,1,1,1,0,1,1,0,298,1
758,4201,25,65,115,0,0.0,1.0,10,0,0,0,0,1,1,0,1,0,0,1,1,1,0,1,1,0,298,1
759,4863,56,82,127,0,0.0,1.0,12,0,0,0,0,1,1,0,1,0,0,1,1,1,0,1,1,0,298,1
760,4253,65,103,132,0,4.5,1.0,14,0,0,0,0,1,1,0,1,0,0,1,1,1,0,1,1,0,298,1
761,3082,90,101,129,0,0.0,1.0,12,0,0,0,0,1,1,0,1,0,0,1,1,1,0,1,1,0,298,1
762,5702,188,223,153,0,0.0,1.0,13,0,0,0,0,1,1,0,1,0,0,1,1,1,0,1,1,0,298,1
763,5420,162,178,156,0,0.0,1.0,10,0,0,0,0,1,1,0,1,0,0,1,1,1,0,1,1,0,298,1
764,4945,48,99,129,9,4.5,1.0,11,0,0,0,0,1,1,0,1,0,0,1,1,1,0,1,1,0,298,1
765,112520,215,484,4091,0,0.0,1.0,15,0,0,0,0,1,1,0,2,0,0,1,1,0,0,0,0,0,208,0
766,1585,2074,112,225,1,1.375,1.0,11,0,0,0,0,1,1,0,1,0,0,1,1,1,0,1,1,0,274,0
767,1585,2074,112,225,1,1.375,1.0,11,0,0,0,0,0,1,0,1,0,0,1,1,1,0,1,1,0,246,0
768,1944,85,209,1671,0,0.0,1.0,6,0,0,0,0,0,1,0,2,0,0,1,1,0,1,1,1,0,182,0
769,35296,820,1053,5108,0,0.0,1.0,11,0,0,0,0,1,1,0,0,0,0,1,1,0,1,0,0,0,279,1
770,980572,404766,294,4294,0,0.0,1.0,8,0,1,0,0,0,0,0,1,0,0,1,1,0,0,1,0,1,92,1
771,6053,67,14,175,0,0.0,1.0,13,0,1,0,0,0,0,0,1,0,0,1,1,0,0,1,0,1,92,1
772,43792,399,2502,4472,1,1.0,1.0,8,0,1,0,0,1,1,0,0,0,0,1,1,0,1,0,0,0,188,0
773,87315,1708,451,4966,0,0.0,1.0,8,0,1,0,0,1,1,0,0,0,0,1,1,0,1,0,0,0,279,1
774,192193,105095,33,4891,0,0.05263157894736842,1.0,15,0,1,0,0,0,1,0,1,0,0,1,1,0,1,1,0,0,149,0
775,26,0,39,71,0,0.0,1.0,15,0,1,0,0,1,0,0,1,0,0,1,1,0,0,1,0,0,49,0
776,192193,105095,33,4891,0,0.05263157894736842,1.0,15,0,0,0,0,0,0,0,1,0,0,1,1,0,1,1,0,0,140,0
777,2544,43,524,4811,0,0.0,1.0,7,0,0,0,0,1,1,0,0,0,0,1,1,0,1,0,0,0,279,1
778,192193,105095,33,4891,0,0.05263157894736842,1.0,15,0,0,0,0,1,0,0,1,0,0,1,1,0,1,1,0,0,145,0
779,281,17,169,3137,0,0.5,1.0,12,0,0,0,0,1,1,0,0,0,0,1,1,0,1,0,0,0,182,0
780,11221,81,13,1033,0,0.3,1.0,12,0,0,0,0,1,1,0,1,0,0,1,1,0,0,1,0,0,128,0
781,11221,81,13,1033,0,0.3,1.0,12,0,0,0,0,1,1,0,1,0,0,1,1,0,0,1,0,0,132,0
782,36926,650,714,4440,0,0.0,1.0,9,0,0,0,0,1,1,0,0,0,0,1,1,0,1,0,0,0,279,1
783,3337,1541,1592,1836,1,1.0,1.0,11,0,0,0,0,1,0,0,0,0,0,1,1,0,1,0,0,0,178,0
784,39993,297,457,2745,0,0.0,1.0,13,0,0,0,0,1,1,0,0,0,0,1,1,0,1,0,0,0,279,1
785,48925,603,867,4530,0,0.0,1.0,10,0,0,0,0,0,0,0,1,0,0,1,1,0,0,0,0,0,27,0
786,21436,514,5003,2207,4,4.0,1.0,13,0,0,0,0,1,0,0,0,0,0,1,1,0,0,0,0,0,174,0
787,1172,7,2,562,0,0.25,1.0,13,0,0,0,0,1,0,0,1,0,0,1,1,0,0,1,1,0,235,0
788,594,20,0,690,0,0.25,1.0,15,0,0,0,0,1,0,0,1,0,0,1,1,0,0,1,1,0,235,0
789,27715,773,1406,5102,0,0.0,1.0,15,0,0,0,0,1,1,0,0,0,0,1,1,0,1,0,0,0,279,1
790,7803,107,119,218,0,0.0,1.0,13,0,0,0,0,1,0,0,1,0,0,1,1,0,0,1,1,0,113,0
791,7803,107,119,218,0,0.0,1.0,13,0,0,0,0,0,1,0,1,0,0,1,1,0,0,1,1,0,126,0
792,192193,105095,33,4891,0,0.05263157894736842,1.0,15,0,0,0,0,0,0,0,1,0,0,1,1,0,1,1,0,0,141,0
793,163,18,42,409,0,0.5,1.0,10,0,0,0,0,1,1,0,0,0,0,1,1,0,1,1,1,0,303,1
794,163,18,42,409,1,0.5,1.0,10,0,0,0,0,1,1,0,0,0,0,1,1,0,1,1,1,0,303,1
795,203601,133,83,4954,0,0.0,1.0,13,0,0,0,0,0,1,0,1,0,0,1,1,1,0,1,0,0,110,1
796,24717,2203,1765,4950,89,89.0,1.0,12,0,0,0,0,1,1,0,0,0,0,1,1,0,1,0,0,0,279,1
797,8792,1077,442,1368,0,0.0,1.0,9,0,0,0,0,1,1,0,1,0,0,1,1,0,0,1,1,0,170,0
798,1015,10,146,171,2,2.0,1.0,10,0,0,0,0,0,1,0,1,0,0,1,1,1,0,1,1,0,301,0
799,168039,28563,301,3936,1,1.25,1.0,13,0,0,0,0,1,1,0,1,0,0,1,1,0,0,1,1,0,289,0
800,857,415,33,3096,0,0.0,1.0,15,0,0,0,0,1,1,0,1,0,0,1,1,0,0,1,1,0,264,1
801,857,415,33,3096,0,0.0,1.0,15,0,0,0,0,1,1,0,1,0,0,1,1,0,0,1,1,0,250,1
802,857,415,33,3096,0,0.0,1.0,15,0,0,0,0,1,1,0,1,0,0,1,1,0,0,1,1,0,243,1
803,857,415,33,3096,0,0.0,1.0,15,0,0,0,0,1,1,0,1,0,0,1,1,0,0,1,1,0,249,1
804,857,415,33,3096,0,0.0,1.0,15,0,0,0,0,1,1,0,1,0,0,1,1,0,0,1,1,0,222,1
805,900,1,64,106,0,0.0,1.0,13,0,0,0,0,1,1,0,1,0,0,1,1,0,0,1,1,0,249,1
806,900,1,64,106,0,0.0,1.0,13,0,0,0,0,1,1,0,1,0,0,1,1,0,0,1,1,0,264,1
807,900,1,64,106,0,0.0,1.0,13,0,0,0,0,1,1,0,1,0,0,1,1,0,0,1,1,0,243,1
808,900,1,64,106,0,0.0,1.0,13,0,0,0,0,1,1,0,1,0,0,1,1,0,0,1,1,0,250,1
809,900,1,64,106,0,0.0,1.0,13,0,0,0,0,1,1,0,1,0,0,1,1,0,0,1,1,0,222,1
810,186,35,81,291,2,1.375,1.0,8,0,0,0,0,1,1,0,1,0,0,1,1,0,0,1,1,0,249,1
811,182,19,26,229,2,1.75,1.0,13,0,0,0,0,1,1,0,1,0,0,1,1,0,0,1,1,0,222,1
812,186,15,34,229,2,1.375,1.0,14,0,0,0,0,1,1,0,1,0,0,1,1,0,0,1,1,0,250,1
813,186,13,15,229,2,1.375,1.0,15,0,0,0,0,1,1,0,1,0,0,1,1,0,0,1,1,0,243,1
814,181,71,121,223,2,1.375,1.0,15,0,0,0,0,1,1,0,1,0,0,1,1,0,0,1,1,0,264,1
815,17808,219,683,3705,0,0.0,1.0,13,0,0,0,0,1,1,0,0,0,0,1,1,1,0,1,0,0,110,1
816,1585,2074,112,225,0,1.375,1.0,11,0,0,0,0,1,1,0,1,0,0,1,1,1,0,1,1,0,290,0
817,32141,124,218,4947,0,0.0,1.0,9,0,0,0,0,1,1,0,1,0,0,1,1,0,0,1,0,1,94,0
818,31524,343,179,4942,0,0.0,1.0,9,0,0,0,0,0,1,0,1,0,0,1,1,0,1,0,0,0,47,0
819,1438,3,103,166,0,0.0,1.0,6,0,0,0,0,1,1,0,1,0,0,1,1,0,0,1,0,0,126,1
820,2333993,8527808,31,5240,5,6.333333333333333,1.0,9,0,0,0,0,1,1,0,1,0,0,1,1,0,0,1,0,0,126,1
821,239517,1669794,73,5052,1,1.3333333333333333,1.0,10,0,0,0,0,1,1,0,1,0,0,1,1,0,0,1,0,0,104,0
822,307,13,112,53,0,0.0,1.0,13,0,0,0,0,1,1,0,0,0,0,1,1,1,0,1,0,0,110,1
823,191,0,5,208,0,0.1111111111111111,1.0,15,0,0,0,0,1,1,0,1,0,0,1,1,0,0,1,1,0,175,0
824,178,1,6,183,0,0.0,1.0,15,0,0,0,0,1,1,0,1,0,0,1,1,0,0,1,1,0,203,0
825,177,0,2,182,0,0.0,1.0,15,0,0,0,0,1,1,0,1,0,0,1,1,0,0,1,1,0,196,0
826,192,0,5,211,0,0.0,1.0,15,0,0,0,0,1,0,0,1,0,0,1,1,0,0,1,1,0,217,0
827,13,0,65,957,0,0.0,1.0,13,0,0,0,0,1,1,0,1,0,0,1,1,0,0,1,1,0,203,1
828,193,0,6,218,0,0.07142857142857142,1.0,15,0,0,0,0,1,1,0,1,0,0,1,1,0,0,1,1,0,202,0
829,194,0,8,219,0,0.0,1.0,15,0,0,0,0,1,1,0,1,0,0,1,1,0,0,1,1,0,175,0
830,182,0,4,179,0,0.0,1.0,15,0,0,0,0,1,1,0,1,0,0,1,1,0,0,1,1,0,203,1
831,136,0,0,182,0,0.0,1.0,15,0,0,0,0,1,1,0,1,0,0,1,1,0,0,1,1,0,196,0
832,193,0,5,211,0,0.0,1.0,14,0,0,0,0,1,0,0,1,0,0,1,1,0,0,1,1,0,217,0
833,1015841,1053850,223,4781,1,7.0,1.0,10,0,0,0,0,1,0,0,1,0,0,1,1,0,0,1,0,1,88,0
834,27,4,55,279,0,0.0,1.0,15,0,0,0,0,1,1,0,2,0,0,1,1,0,1,0,0,0,152,0
835,1274,1310,1288,500,0,0.0,1.0,9,0,0,0,0,1,1,0,1,0,0,1,1,0,1,1,0,1,86,0
836,48795,925,671,3409,0,0.0,1.0,8,0,0,0,0,1,1,0,0,0,0,1,1,0,1,0,0,0,111,0
837,464941,2890898,509,5220,13,21.5,1.0,7,0,0,0,0,1,1,0,1,0,0,1,1,0,0,1,1,0,229,1
838,464941,2890898,509,5220,19,21.5,1.0,7,0,0,0,0,1,0,0,1,0,0,1,1,0,0,1,1,0,107,1
839,464941,2890898,509,5220,6,21.5,1.0,7,0,0,0,0,1,0,0,1,0,0,1,1,0,0,1,1,0,155,0
840,178,0,5,176,0,0.0,1.0,13,0,0,0,0,1,1,0,1,0,0,1,1,0,0,1,1,0,202,0
841,194,0,0,220,0,0.0,1.0,15,0,0,0,0,1,1,0,1,0,0,1,1,0,0,1,1,0,175,0
842,193,0,6,218,0,0.07142857142857142,1.0,15,0,0,0,0,1,1,0,1,0,0,1,1,0,0,1,1,0,203,0
843,194,0,8,219,0,0.0,1.0,15,0,0,0,0,1,1,0,1,0,0,1,1,0,0,1,1,0,196,0
844,182,0,4,179,0,0.0,1.0,15,0,0,0,0,1,0,0,1,0,0,1,1,0,0,1,1,0,217,0
845,4184,108,257,3826,0,0.0,1.0,15,0,0,0,0,1,0,0,0,0,0,1,1,0,1,0,0,0,102,0
846,239517,1669794,73,5052,2,1.3333333333333333,1.0,10,0,0,0,0,1,0,0,1,0,0,1,1,0,0,1,0,1,92,1
847,52,3788,32,88,21,21.0,1.0,12,0,0,1,0,1,1,0,0,0,0,1,1,1,0,1,0,0,110,1
848,215844,184767,231,5081,2,1.0,1.0,15,0,0,1,0,1,1,0,1,0,0,1,1,0,1,1,0,0,144,0
849,136,2,51,3465,0,0.14285714285714285,1.0,13,0,0,1,0,0,1,0,1,0,0,1,1,0,0,1,0,0,143,0
850,56165,379,879,3951,0,0.0,1.0,10,0,0,1,0,1,1,0,2,0,0,1,1,0,0,0,0,0,107,0
851,567,12,98,2962,0,0.0,1.0,13,0,0,1,0,1,0,0,0,0,0,1,1,0,1,0,0,0,137,0
852,1907,7,56,589,0,0.0,1.0,15,0,0,0,0,0,0,0,0,0,0,1,1,0,1,0,0,1,81,0
853,6417,22,16,234,0,0.0,1.0,12,0,1,0,0,1,1,0,2,0,0,1,1,0,1,0,0,0,219,0
854,17,27,5,520,1,1.0,1.0,13,0,1,0,0,0,1,0,1,0,0,1,1,0,0,1,0,0,254,0
855,17,27,5,520,1,1.0,1.0,13,0,1,0,0,1,1,0,1,0,0,1,1,0,0,1,0,0,179,0
856,1135,46,50,3288,0,0.0,1.0,10,0,1,0,0,0,1,0,0,0,0,1,1,0,1,0,0,0,289,0
857,192193,105095,33,4891,0,0.05263157894736842,1.0,15,0,1,0,0,0,0,0,1,0,0,1,1,0,1,1,0,0,146,0
858,851101,993477,90,5237,0,0.34285714285714286,1.0,10,0,0,0,0,0,0,0,1,0,0,1,1,0,0,1,0,1,90,0
859,192193,105095,33,4891,0,0.05263157894736842,1.0,15,0,0,0,0,1,0,0,1,0,0,1,1,0,1,1,0,0,149,0
860,4889,124,117,1197,0,0.0,1.0,15,0,0,0,0,1,0,0,1,0,0,1,1,0,0,1,0,0,126,0
861,464941,2890898,509,5220,13,21.5,1.0,7,0,0,0,0,1,1,0,1,0,0,1,1,1,0,1,1,0,160,0
862,2333993,8527808,31,5240,7,6.333333333333333,1.0,9,0,0,0,0,1,1,0,1,0,0,1,1,0,0,1,0,0,166,0
863,239517,1669794,73,5052,0,1.3333333333333333,1.0,10,0,0,0,0,1,1,0,1,0,0,1,1,0,0,1,0,0,122,0
864,21,0,39,567,0,0.0,1.0,8,0,0,0,0,1,1,0,0,0,0,1,1,0,1,0,0,0,195,0
865,14539,175,286,4624,0,0.0,1.0,9,0,0,0,0,0,1,0,0,0,0,1,1,0,1,0,0,0,68,0
866,1172,7,2,562,1,0.25,1.0,13,0,0,0,0,0,1,0,1,0,0,1,1,0,0,1,1,0,284,0
867,594,20,0,690,1,0.25,1.0,15,0,0,0,0,0,1,0,1,0,0,1,1,0,0,1,1,0,284,0
868,24,0,3,253,0,0.0,1.0,10,0,0,0,0,0,1,0,1,0,0,1,1,0,1,1,0,0,144,0
